:020000040200F8
:1000000020040022C1390002B9360002CB390002B7
:10001000CB390002CB390002CB390002CB390002C8
:10002000000000000000000000000000E9250002C0
:10003000CB39000200000000012600026926000200
:050040008081000202B6
:100080001048134A016841F4700101604FF4802068
:10009000BFF34F8FBFF36F8FE1EE100A0B490A4891
:1000A00008F08EF80B4800210B4A08F093F80B4833
:1000B00008F0A4F808F0B4F80020002102F015FAC6
:1000C000FEE700BF88ED00E00000002240000002D3
:1000D000050000004C040022340D000080110022B5
:1000E00010B548F2000440F64053C4F23304C0F2A5
:1000F000030301210122206840F001002060201D3F
:1001000002F066F94FF00210A0604FF02010C4F822
:1001100040024FF48070C4F800064FF4E060C4F869
:10012000100610BD80B548F620400121C4F233000E
:10013000016001204FF47A7103F070FA4AF2000076
:1001400040F2D052C4F23300C2F2002201681180A2
:1001500040F2D2514068C2F20021088080BDD4D460
:1001600010B501F025FF00F099F949F63C104FF465
:10017000E131C0F2002000220468204602F04EF86F
:1001800049F640104FF4E131C0F20020002200682F
:1001900002F044F849F644104FF49641C0F20020B2
:1001A0000222006802F03AF848F66B112046C0F2CD
:1001B000002102F071F802F0BFF800F057FA0024B5
:1001C000C4F23804204600F00BF904F5005000F0AA
:1001D00007F940F2D85042F20014C2F200204DF26A
:1001E0008F01C4F232044EF64702C0F203010160EF
:1001F000C0F2010201210123204601F095FF04F520
:1002000030600C214FF22342002301F08DFF04F5F2
:1002100010600A2147F61122002301F085FFFFF745
:100220005FFF00F065F902F0B5F800F083F901F026
:10023000C3FC02F0FEF848F660310220C0F2002153
:10024000BDE8104001F0BCBD70B584B040F2CC54A4
:1002500040F2DC50C2F20024C2F200202568D0F83F
:10026000F000002805F101008DF80F5020600AD140
:1002700000F00F0000F070F920884FF47F6101EA70
:10028000001000F049F90024C4F2380400F0CCF961
:1002900040F2D451C2F200210870FFF743FFEDB2E3
:1002A000284602F059F85020294600F000FA0DF1D6
:1002B0000F0240F22311012320460025009501265C
:1002C00000F0B6F860B140F2DC500DF10F03C2F25D
:1002D0000020002140F22312CDE9006501F0AFFBC0
:1002E00004F500500DF10F0240F221310123009579
:1002F000012400F09DF868B140F2DC500DF10F03CD
:10030000C2F20020012140F221320026CDE9004650
:1003100001F095FB01F0E9FF40F2DC50C2F2002051
:1003200001F02EFB01F0C4FD04B070BDD4D4D4D4D0
:10033000FFF716FF48F21F580024C5F2EB181926E4
:10034000002700BF00BF00BFA7FB0801C80800FBD3
:10035000064502F065F801F06BFC0DB9FFF774FF7C
:100360001420013706F05AF8013CEDE770B5044659
:1003700040F640558069C0F2030504F11C0620F0E8
:100380000400A0610421002230462B4602F020F830
:1003900020B3A069012161F30100A0610122304670
:1003A0002B4602F015F8C8B1606804F1080620F089
:1003B000040060600421002230462B4602F008F859
:1003C00060B1606801230121012263F301006060D4
:1003D00030462B46BDE8704001F0FABF002070BDEA
:1003E000B0B50546FFF7C2FFF8B140F6050040F68C
:1003F0000521C0F21460C0F203212860C5F8001185
:10040000A86940F6405320F00300A861D5F804C065
:1004100005F11C00C0F20303012100222CF00304AB
:100420006C60BDE8B04001F0D3BFB0BDD4D4D4D42B
:100430004FF0000CBCEBD12F2DD162B380B5A3F1EE
:10044000090E1EF1080F24D390F870C05FEACC7C2F
:100450001DD1DDF808C08904C0F804161907C0F8DA
:100460000816BCF1000F18BF4FF0040CC0F80CC602
:1004700000F5C26143F001E012F8013B01F8013BD5
:100480000FF007C04FF0010C80F870C001E04FF092
:10049000000CBDE8804060467047D4D480B5012090
:1004A00003F0C5F943F2040043F2FF52C4F2200006
:1004B000CDF67B6201681140016041684FF6FF7222
:1004C00021F0406141608168CBF6D77221F4401180
:1004D0008160C1681140C1600068012003F080F9AB
:1004E00001204FF47A71BDE8804003F097B8D4D46E
:1004F00043F20400C4F22300416841F480314160BA
:10050000002120F8041C016821F00041016001680D
:1005100041F001010160704740F2D65143F2000200
:10052000C2F20021C4F223026FF31F300880108052
:100530007047D4D444F2000040F64053C4F2350072
:10054000C0F2030301210022D0F800C04CF0010CDE
:10055000C0F800C001F03CBF40F2D55240F6107C1C
:10056000C2F20022C2F2002C00F00F011170EFF372
:100570001080012282F31088DCF800203AB940F69E
:1005800014520023C4F240021370402313702DE96B
:10059000F041DCF800204FF0040E0132CCF80020CE
:1005A00080F3108849F6121340F6000443F6FA75FA
:1005B0000022C0F200236FF03F08C4F24004CFF6DF
:1005C000FE7500BF00BF00BF33F8026BF7B208EA48
:1005D000960606EB870621FA02F707F001070132BB
:1005E000305928403844043030510FF013C80121ED
:1005F000EFF3108081F31088DCF8001021B1DCF8F3
:1006000000100139CCF80010DCF8001039B940F6C0
:1006100014510022C4F240010A7080220A7080F353
:100620001088BDE8F081D4D470B54FF0040E49F6BF
:100630000A1140F600030020C0F200216FF03F0CC9
:10064000C4F240030122002431F8025BEEB20CEA4E
:10065000950505EB860502FA00F60130ED58AD0769
:1006600048BF34430FF011C0E0B270BD4EF200003D
:10067000C4F22500017801F07F010170017841F09A
:1006800040010170017841F080010170817801F032
:100690008F01303181702621417401740121017173
:1006A00030214171017801F0BF01017070472DE9DF
:1006B000F0414EF201040746C4F2250448F2A06856
:1006C000C0F2010804F10805207A0E4680210122BB
:1006D00000F0EF002072622020702846434601F0AF
:1006E0008BFEA0B178006074402101222846434669
:1006F00001F082FE68B1207AC0060AD440210122AE
:10070000284643466674012601F076FE02E0002684
:1007100004E00026207840F0080020703046BDE854
:10072000F081D4D4D4D4D4D42DE9F04182B00028BF
:100730004FF0FF3400F0C9810E46002900F0C5815A
:100740001546002A00F1C18101680746A9B1002DB4
:1007500000F0BB8130460124082200F8012B00BFC5
:10076000A5420CD001F07F02C90918BF803204F104
:10077000010400F8012BF3D103E0002401E04FF065
:10078000FF347868A8B1AC4280F09D8110213155CA
:100790000134311900BF00BFA54200F0948100F080
:1007A0007F02C00918BF803204F1010401F8012B57
:1007B000F2D1002C00F18981B86840F24C48002841
:1007C000C2F2002800F0CD80F968A9B140460822A5
:1007D00000F8012B002200BF01F07F03C90918BFF8
:1007E000803302F1010200F8013BF5D13969501C58
:1007F000C1B1BE2A03D919E03969D1B10020102254
:1008000008F80020013008EB000200BF00BF00BF65
:1008100001F07F03C90918BF803300F1010002F81D
:10082000013BF5D17969C9B1BF2807D94FF0FF3035
:1008300014E07969002900F06E810020182208F880
:100840000020013008EB000201F07F03C90918BF46
:10085000803300F1010002F8013BF5D1B96989B19B
:10086000BF2824D8202208F80020013008EB00021D
:1008700001F07F03C90918BF803300F1010002F8BD
:10088000013BF5D1F969A1B1BF2810D8282208F899
:100890000020013008EB000201F07F03C90918BFF6
:1008A000803300F1010002F8013BF5D101E04FF087
:1008B000FF30396AB9B1BF2813D8302208F80020B8
:1008C000013008EB000200BFC0280AD001F07F030E
:1008D000C90918BF803300F1010002F8013BF3D1D0
:1008E00001E04FF0FF30796AC9B1BF2815D838222E
:1008F00008F80020013008EB000200BF00BF00BF75
:10090000C0280AD001F07F03C90918BF803300F165
:10091000010002F8013BF3D101E04FF0FF30B96A6A
:1009200079B1BF2805D8BF284FF0400108F8001062
:1009300002D14FF0FF3004E008EB00010230012249
:100940004A7007F12C02092101F0A4F90323009059
:1009500030462946224600F0FBF80446002800F104
:10096000B280F86BE8B1414608203A6C01F8010BFF
:10097000012000BF00BF00BF02F07F03D20918BFF3
:10098000803300F1010001F8013BF5D10423009010
:1009900030462946224600F0DBF80446002800F1E4
:1009A0009280786CE0B141460820BA6C01F8010BE6
:1009B000012000BF00BF00BF02F07F03D20918BFB3
:1009C000803300F1010001F8013BF5D105230090CF
:1009D00030462946224600F0BBF80446002872D46F
:1009E000F86C80B3404608213A6D00F8021B0021E4
:1009F00002F07F03D20918BF803300F8013C00F1F8
:100A0000010001F10101F3D1BE2910D87A6D023144
:100A1000102300F8013C00BF02F07F03D20918BF89
:100A2000803301F1010100F8013BF5D101E04FF005
:100A3000FF310623009130462946224600F088F80F
:100A4000044600283FD4B86D68B10021384600F054
:100A5000AFF80723009030462946224600F078F888
:100A6000044600282FD4786F68B10121384600F081
:100A70009FF80823009030462946224600F068F887
:100A8000044600281FD4D7F89400F0B1D7F8981086
:100A9000F9B14046082200F8012B002200BF00BF38
:100AA00001F07F03C90918BF803302F1010200F889
:100AB000013BF5D1D7F89C10501CF9B1BE2A0CD9D6
:100AC0004FF0FF301AE04FF0FF34204602B0BDE88F
:100AD000F081D7F89C10002081B1102208F8002086
:100AE000013008EB000200BF01F07F03C90918BF05
:100AF000803300F1010002F8013BF5D107F1A002BB
:100B0000032101F0C7F80923009030462946224608
:100B100000F01EF8DAE7B96909B10020A2E6F96928
:100B200009B10020B2E6396A09B10020C5E6796A48
:100B300009B10020DBE6B86A28B1402088F800003F
:100B400000204146FAE60020FBE6D4D4D4D4D4D425
:100B5000B0B5049D4FF0FF34002D1CD48A421AD248
:100B6000DB00541C023383542A4600BF00BF00BF81
:100B7000A1420ED002F07F03D20918BF8033035583
:100B800004F10104F4D1002C03D425B1491B8C429B
:100B900003DD4FF0FF342046B0BD40F24C4120440D
:100BA000C2F200212A4607F00BFB2C44F3E7D4D411
:100BB0002DE9F0478A4600294FF07801044608BF26
:100BC0005C2140584FF080024FF07C0140F24C49CC
:100BD00004BF642260214FF088034FF08C06C2F2FC
:100BE0000029224404BF6C23702667584946E35C01
:100BF00054F80680082601F8026B002600BF00BFEB
:100C000000F07F05C00918BF803501F8015C01F1D3
:100C1000010106F10106F3D1BE2E10D8102001F813
:100C2000010CB01C00BF00BF07F07F06FF0918BF12
:100C3000803600F1010001F8016BF5D101E04FF0C1
:100C4000FF30032101F03CF8BF2805D8BF284FF042
:100C5000200109F8001002D14FF0FF3007E009EB46
:100C60000001B8F1000F5FEA0F9202304A70BAF14A
:100C7000000F08BFBDE8F087BF2807D8D4F8901050
:100C8000BF284FF0280209F8002003D14FF0FF30B1
:100C9000BDE8F08709EB000200295FEA0F910230FE
:100CA0005170BDE8F087D4D42DE9F04F87B000290A
:100CB0004FF0FF3800F1E5810746002800F0E181A0
:100CC0009346002A00F0DD818A46C821584607F085
:100CD0002DFABAF1000F4FF000080497CDF814A0D8
:100CE00000F0CF814FF00009DDF810E009F10100BC
:100CF0000EEB090109F102034A1C0025002400BF84
:100D000011F9016B06F07F07002E07FA04F745EA98
:100D1000070511D5152C00F2B2810734824500F188
:100D2000010009F1010902F1010203F1010300F0E0
:100D3000A681E5E700BF00BF05F007014FEAD50C2B
:100D40000229069024D1A5F11804372C20D850454B
:100D500080F2958182455AEAC0800024C0F10101E9
:100D6000002000BF00BF00BF12F9015B05F07F0645
:100D7000002D06FA04F640EA060032D5152C00F2E2
:100D80007E8101330734CD18022D00F07881EBE726
:100D900041B104A800F076FA002800F07081DDE986
:100DA00005A9FBE0504580F26A8182455AEAC0807D
:100DB0000023411E002000BF12F9017B07F07F06CF
:100DC000002F06FA03F640EA060040F1B080152B2A
:100DD00000F2558109F101090733494500F04F81BF
:100DE000EAE7BAEB0301C0F24A818142C0F04781D1
:100DF0000EEB0301CDE90010ACF1030103EB000998
:100E00000529CDF80880CDF8189000F2CB80DFE8F6
:100E100001F003B1A1A89CBB01284FF00101CBF860
:100E20000810C0F2BB800022824252EAC08C80F2DD
:100E300026810099541C1144002501F1010E002364
:100E400011F9016B06F07F07002E07FA03F745EA58
:100E500007050BD5152B00F212810132073301343F
:100E60000EF1010E944500F00A81E9E74FEAD50C36
:100E7000531C05F00701BCF1090F029308BF0229BA
:100E800004D089B1684600F0FDF905E010226846FB
:100E90000BF12C0100F041FF002800F0F080DDE9AB
:100EA00001028242C0DB79E0834280F2E880A04206
:100EB00050EAC4800023411E00201EF9014B04F0BB
:100EC0007F05002C05FA03F540EA050008D5152B2F
:100ED00000F2D58001320733914200F0D080ECE778
:100EE000ACF10101023207290292D8D8DFE801F003
:100EF00004160A0D07191C10CBF80C00CFE7CBF82D
:100F00001C00CCE7CBF81400C9E7CBF81800C6E703
:100F100000285FEA0F90CBF82800C0E7CBF810005C
:100F2000BDE7CBF82000BAE7CBF82400B7E7BCF167
:100F3000010F09F10209CDF8189000F09D80BCF175
:100F4000020F2BD1CBF8040028E000220120CBF8BF
:100F500058001DE00120CBF8440068460BF1480121
:100F60000EE00120CBF84C0068460BF150010BF16C
:100F7000540206E00120CBF83C0068460BF140012A
:100F800003AA00F0A9F807E00120CBF874000122C1
:100F90006846594600F0D8F8002870D0D145FFF6D1
:100FA000A3AE72E001284FF00101CBF89410F5DBFD
:100FB0000022824252EAC08C61DA0099541C11442A
:100FC000002501F1010E002311F9016B06F07F07E6
:100FD000002E07FA03F745EA070509D5152B4ED869
:100FE0000132073301340EF1010E944547D0EBE78F
:100FF0004FEAD50C531C05F00701BCF1030F029317
:1010000008BF022904D079B1684600F03BF905E039
:10101000282268460BF1A00100F07FFE78B3DDE9DD
:1010200001028242C5DBB9E7834228DAA04250EAD6
:10103000C4800023411E00201EF9014B04F07F05EF
:10104000002C05FA03F540EA050006D5152B16D845
:1010500001320733914212D0EEE7BCF1020F02F1E8
:101060000201029105D0BCF1010FD8D1CBF8980054
:10107000D5E7CBF89C00D2E7CBF800008EE74FF025
:10108000FF38404607B0BDE8F08F4FF00008F8E7A2
:10109000B0B5D0E901324FF0000E9A4252EAC38C4B
:1010A0006FF0060300BF00BF94450FD00568541CC5
:1010B00084600733AA5602F07F05002A05FA03F57B
:1010C0004EEA050E04D5152B2246EDD90020B0BD01
:1010D0000120C1F800E0B0BD2DE9F04383B00D461A
:1010E0000021064629601160D0E90101814224DA1D
:1010F000914602AF0DF1040830463946FFF7C8FFAC
:10110000E8B1029C304614F0070105D000F0BAF8AF
:10111000A8B10EE000BF00BF4146FFF7B9FF70B1B4
:10112000E1082846012902D00229484601D1019947
:101130000160D6E901018142DEDB012000E00020F0
:1011400003B0BDE8F083D4D42DE9F04F85B0044658
:10115000D0E90103834280F28C8015460E460DF1E2
:101160000C0A4FF00009EB4620465146FFF790FF6E
:10117000002800F083800398C70800F00701032FC0
:1011800008BF022908D0204691B300F07BF8002860
:1011900000F0748068E000BF204604A9CDE9009902
:1011A000FFF776FF002869D0D4E90107B84265DB74
:1011B000DDF81080C01B404560D3B8F1090F5AD24A
:1011C000B8F1000F05D020684246C119584606F014
:1011D000F7FF08EB0700A060DDB106F1800059467B
:1011E000424606F0EDFF86F888803DE000BF00BF74
:1011F00002A9FFF74DFF002840D09DB1781E0428BA
:1012000032D8DFE800F0031F311822000298B067DF
:101210002AE006F164005946424606F0D1FF86F8FE
:101220006C8021E0042F1AD0022F15D0012F1BD182
:101230000298F06518E0029800285FEA0F90C6F85F
:101240008C0011E00298F0670EE0029800285FEA37
:101250000F90C6F8900007E00298306604E002980C
:1012600000285FEA0F903067D4E901018142FFF660
:101270007BAF012003E008EB0700A060002005B071
:10128000BDE8F08F10B582B0044601294FF0000090
:1012900001900BD0022903D0052916D1042006E0C5
:1012A00001A92046FFF7F4FE10B909E008200190DB
:1012B000D4E90110814203DB019A091A914201D25B
:1012C000002002E01044A060012002B010BDD4D480
:1012D0004FF6FF72F8B101291DDB70B54FF0000C1D
:1012E000082441F2210300BF10F80C5044F001E043
:1012F00082EA052200BF00BF15B25600002D48BF8C
:1013000083EA420632460FF009C80CF1010C8C4505
:10131000EAD1BDE8704090B27047D4D4D4D4D4D4CC
:101320002DE9F04383B0DDF828904FF0FF34B9F198
:10133000C00F00F28280DDF82C80B8F1000F00F0C1
:101340007C80002B5FEA1F97B9F1000F5FEA0F94D2
:1013500027424FF0FF3470D109F10A070C9EBE42BC
:101360006BDB01278DF806708DF807008DF80810EB
:101370008DF8092000204FF6FF750DF106010827B2
:1013800041F221028DF80A908DF80B0000BF00BFDA
:101390000E5C47F001E085EA062500BF00BF00BFF4
:1013A0002C462EB26D00002E48BF82EA44050FF095
:1013B00009C801300628EBD1A8B24FEA1027EBB1DB
:1013C000B9F1000F1AD00020082241F2210100BF1C
:1013D0001F5C42F001E085EA072500BF00BF00BFA7
:1013E0002F462EB26D00002E48BF81EA47050FF050
:1013F00009C801304845EBD1A8B2070ABDF80A1068
:10140000B9F1000F45F6A520A8F80000DDF80600A8
:10141000C8F80200A8F8061008D008F1080019461C
:101420004A4606F0CDFE09F1080000E0082008EB6E
:101430000001841C08F800504F70204603B0BDE83E
:10144000F08320B180B5D02106F070FE80BD7047DA
:101450002DE9F041002800F0A48002780A2A00F269
:101460008E80DFE802F02D06181E1131352281151D
:10147000390000235A2908BF0223A5294FF0000292
:1014800008BF012303708DE08170C172052187E0E0
:1014900001720A2184E0012974D1012141720321E2
:1014A0007EE04170817204217AE08288817342EA91
:1014B0000122828093B2C12B4FF00003C38068D316
:1014C000A5295FEA1F916BE0C1700173062167E0F7
:1014D00081804173072163E090F808C000F109089A
:1014E0004FF6FF740023082641F2210500BF00BF1C
:1014F00018F8037046F001E084EA072400BF00BF3B
:1015000027B26200002F48BF85EA440214460FF05C
:1015100009C80133062BEBD183884CEA012CDBB1DF
:1015200000F10F080021082241F2210500BF00BF91
:1015300018F8017042F001E084EA072400BF00BF00
:1015400027B26600002F48BF85EA440634460FF0F4
:1015500009C801319942EBD1A1B200230370C380C5
:101560008C455FEA1F921DE0C2888388561C0244A6
:10157000B5B2C6809D42D17313D3092110E0002279
:1015800002700FE0A5295FEA1F9101700022C2805E
:1015900008E04FF6FF710A424FF0080151EA11913D
:1015A000017000221046BDE8F08128B32DE9F0411A
:1015B0000F464FF4557104461E46904606F0B6FDA0
:1015C00036B104F1D0000ECE0EC096E82E002EC02B
:1015D000032084F8EC70B8F1000F4FF0D00108BF81
:1015E000012084F8ED004FF00040C4F8F4002046DC
:1015F00006F09CFDBDE8F0817047D4D4D4D4D4D497
:101600002DE9F04182B0002800F09C810446FFF7EC
:101610001FFF002800F09681607820B194F8EC104C
:10162000884240F08F8104F52375C821284604F5CF
:10163000E2760127C4F8F07006F078FDA18804F185
:101640000F003246FFF730FB10B3E0780221C4F8F8
:101650008C020020C4E9C8704FF00C0EC4F82813A7
:1016600049F20E61C0F2002104F54B700131622293
:1016700000F8012B11F8012B0FF007C0002084F8AF
:1016800038032046294602B0BDE8F04100F0A5B974
:10169000306800B9E078D4F8C811C4E9A3014A1E43
:1016A000052A00F28480DFE802F00303320F9D5523
:1016B000D4F8E8200120002AC4F89402E1D0D4F83C
:1016C000D00029469047DCE7D4F8080228B1D4F8C6
:1016D0000C12B1F5805FC0F0AD8004F548730120B5
:1016E0000421022207C34FF0070E49F6E401C0F2BD
:1016F000002104F54B700131622200BF00BF00BF22
:1017000000F8012B11F8012B0FF007C08EE0D4F880
:10171000000220B1D4F804121029C0F0908004F522
:10172000487301200321022207C34FF00B0E48F239
:10173000BB71C0F2002104F54B700131622200BF81
:1017400000F8012B11F8012B0FF007C0002084F8DE
:10175000370396E7D4F81C0280B1D4F8201201298F
:101760000CD894F83032A3F10900C0B2F82805D3A0
:10177000D4F82422B2F5006FC0F0818004F54873DC
:1017800001200621022207C34FF0070E48F2DF3185
:10179000C0F2002104F54B700131622200BF00BF8E
:1017A00000F8012B11F8012B0FF007C03EE00120DB
:1017B000C4E9C801C4F828034FF00F0E49F29C4158
:1017C000C0F2002104F54B700131752200BF00BF4B
:1017D00000F8012B11F8012B0FF007C0002084F84E
:1017E0003B034EE7D4F8100240B1D4F81412032999
:1017F00004D8D4F81822B2F57A7F29D904F54873B1
:1018000001200521022207C34FF0070E48F20031E4
:10181000C0F2002104F54B700131622200BF00BF0D
:1018200000F8012B11F8012B0FF007C0002084F8FD
:10183000330326E7D4F8DC2022B9042014E0D4F8DE
:10184000D82082B1D4F8D0009047D4F8C8010BE07A
:10185000D4F8E030ABB3D4F8D00098470028D4F8DF
:10186000C80101D02EE0032001210022C4F820137A
:10187000C4F82403C4F8282384F82C2301E7D4F8FF
:101880003472002F35D094F8ED00800731D4012058
:101890000621C4E9C8014FF0120EC4F8280349F22A
:1018A0000871C0F2002104F54B700131632200F889
:1018B000012B11F8012B0FF007C0002084F83E0324
:1018C000DFE6052001210222C4E9C8104FF0070E0F
:1018D000C4F8282348F20031C0F2002104F54B700F
:1018E0000131622200F8012B11F8012B0FF007C023
:1018F0009CE7D4F8E46046B304F50A78D4F8D00045
:10190000CDE900374346B0470028D4F8C8011DD1BF
:101910000121C4E9C810204629460022C4F8282322
:1019200084F82C2300F059F894F8201294F830022F
:10193000D4F82422D4F83432CDE9000320464346BB
:1019400000F07DF802B0BDE8F081062001210222FE
:10195000C4E9C8104FF0080EC4F8282349F2024128
:10196000C0F2002104F54B700131632200F8012B15
:1019700011F8012B0FF007C0002084F8340380E633
:10198000B0B548B30446D0F8F00028B304F526708B
:10199000BC2104F5237506F0C9FBD4F8F400D4F893
:1019A000E820411C0123B1F1004F4FF0004151EA02
:1019B0009091C4F8F4104FF00201C4F88C02C4E90D
:1019C000A4131AB1D4F8D0002946904720462946DE
:1019D000BDE8B04000F001B8B0BDB0B584B0044679
:1019E000D0F8D40048B30D4640F20C51C2F20021A9
:1019F000C0222846FEF798FE00281ED494F8ECC0BA
:101A000094F8ED102A7840F20C5380B20090C2F2A4
:101A10000023604604F1F8054FF0CA0ECDE9015EDF
:101A2000FFF77EFC002808D4D4E9341382B20846BC
:101A3000294604B0BDE8B040184704B0B0BD2DE958
:101A4000F04F81B000283ED00A9E0446A6F109005E
:101A500010F1080F37D31D46ABB3D4F8F00090B3A4
:101A60000F4604F52470C4219046DDF82CA004F53F
:101A7000237906F05BFBD4F8F400C4F88C02411C17
:101A80003246B1F1004F4FF0004151EA909104F518
:101A90004370C4F8F41029464FF0010BC4E9C0B7F5
:101AA000C4F8088306F08CFBBAF1000F5FEA0F90D0
:101AB00084F814634946C4E9C60B204601B0BDE86A
:101AC000F04FFFF78ABF01B0BDE8F08FD4D4D4D473
:101AD0009AB170B549F640101446C0F200200D4688
:101AE000066800BF00BF00BF15F8011B304600F0BC
:101AF000C1FB013CF8D1BDE8704070470846FEF7D5
:101B00002BBD0846FEF708BD0846114600F032BB63
:101B100080B582B000200029C4F23800059900F594
:101B200000509C4604BF0020C4F2380000295FEA40
:101B30000F9E1146049B6246CDF800E0FEF778FC4C
:101B4000013802B080BD70B540F2D25C40F2CC509A
:101B5000C2F2002C40F2D45EC2F2002040F2D05219
:101B6000C2F2002EBCF8003040F2D55CC2F2002276
:101B7000C2F2002C06689EF8000040F2D65E15887E
:101B8000C2F2002E9CF80020C1E9053001F11C00D2
:101B9000BEF800404FF0020C4FF0010E80E8141028
:101BA00044F25210C1F828E0C1E90365C5F23800DB
:101BB000C8623120088670BD10B540F2DC544FF485
:101BC0002171C2F2002404F1D00006F0AFFA41F610
:101BD000D12041F6FD21C0F20020C0F2002141F6E3
:101BE000033241F6093341F6113C41F6473EC4F851
:101BF000D400C4F8D81040F20230A4F8EC004FF042
:101C00000040C4F8F400D0212046C0F20022C0F207
:101C10000023C0F2002CC0F2002EC4F8DC20C4F86F
:101C2000E030C4F8E4C0C4F8E8E006F07FFA10BD84
:101C3000F0B581B049F6401040F2DC56C0F2002009
:101C4000C2F200260468D6F8F070204600F040FB8F
:101C500000280FD440F2DC55C2F2002500BF00BFBF
:101C6000C1B22846FFF7CCFC204600F031FBB0F1B2
:101C7000FF3FF5DC67B9D6F8F00048B149F28D2195
:101C80000220C0F2002101B0BDE8F04000F098B899
:101C900001B0F0BD70B51446127806465AB1204620
:101CA0000D4606F0B5FA0346304629462246BDE801
:101CB000704000F005B8304670BDD4D4D4D4D4D42C
:101CC00070B5012B044626DBBF2C22D840F24C40D5
:101CD000C900C2F200201E4602310155194600BF5C
:101CE000BF2C16D001F07F030519C90904F10104C6
:101CF00018BF80336B70F3D1C6F1C0018C4208DA93
:101D0000204411460130324606F05AFA3019441C7C
:101D100001E04FF0FF34204670BDF0B581B00D46B4
:101D2000694616460446FFF7B3F938B1D4E9011005
:101D3000814203DB009F091AB94202D2002001B0A0
:101D4000F0BD711E8F4257EAB186012E05DB216876
:101D500032460144284606F033FA0020A855A06810
:101D60003844A0600120EAE748F2375C0A0BC0F271
:101D7000002CC1F303231CF8022002701CF803207E
:101D8000C1F30313427001F00F011CF803208270AD
:101D90001CF80110C170704748F237530A09C0F2AD
:101DA000002301F00F019A5C0270595C417070478A
:101DB00040F20401C2F2002108707047D4D4D4D498
:101DC000002974D00A78002A71D040F20403C2F2CC
:101DD00000231B7898426AD8032806D849F2891351
:101DE000C0F2002313F800C001E04FF03F0C10B523
:101DF00094B040F2CC508DF800C0C2F20020013106
:101E0000036848F237504FEA137EC0F20020C3F354
:101E1000036410F80EC010F804E0C3F303548DF807
:101E200002C0C3F3034C8DF803E0045DC3F3033E2B
:101E30008DF8044010F80C40C3F3032C8DF80540D6
:101E400010F80E408DF8064010F80C408DF8074051
:101E5000C3F3031403F00F034FF0200C045D8DF85F
:101E600001C0C05C0B238DF8090068460D308DF869
:101E700008408DF80AC000BF00F8022C11F8012BB1
:101E800001301AB14B2B03F10103F5D349F63C1293
:101E900040F60D21C0F2002220F8021C0021017042
:101EA0001068694600F0F8F914B0BDE810407047BA
:101EB00010B588B049F61C1C6946C0F2002C0A46D1
:101EC000BCE81940A2E819409CE8194082E8194092
:101ED00040F2CC5040F2D05CC2F20020C2F2002CA2
:101EE000026848F23750C2F30333C0F20020C2F355
:101EF0000324C35C8DF80530BCF8003010F804E012
:101F0000C2F3031402F00F0C1A0B045D8DF806E007
:101F10008DF8074010F80C4010F802C0C3F30322FC
:101F20008DF80EC040F2D25CC2F2002C10F802E034
:101F30008DF80840C3F30314BCF8002003F00F0C25
:101F4000045D8DF80FE0130B8DF8104010F80C4075
:101F500010F803C0C2F303238DF813C040F2D45C21
:101F6000C2F2002C10F803E08DF81140C2F3031404
:101F70009CF8003002F00F0C045D8DF814E01A0993
:101F800003F00F038DF8154010F80C40825CC05C24
:101F90008DF81B2049F63C12C0F200228DF81C007F
:101FA0008DF81640106800F077F908B010BDD4D451
:101FB00040F6107CEFF31082C2F2002C012080F377
:101FC0001088DCF80000002840F60400C4F240004D
:101FD00005D1002380F81035402380F8103580B5F6
:101FE000DCF8003040F200410133CCF8003010231F
:101FF000C0F20161C0F2014382F3108803F57C7ED8
:10200000C0F844E3C0F8483301F17F42C0F8202211
:1020100003F18072C0F81C2240F20042C1F20102BA
:10202000C0F800E2C0F80432C0F8F02002F110035A
:10203000C0F8EC30C0F8A021C0F8A431C16301643D
:1020400041648164502140F20042C0F20171C0F845
:10205000FC10C0F20132C0F800110265C264C0F881
:102060004021C0F824221021C1610162C162C0F880
:1020700024110421C0F8C810C0F87C11C0F89812CF
:10208000C0F820114FF4004202608261426340F6C2
:102090000042C1F20132C0F83422C0F83822C0F840
:1020A0001821C0F83C1140F2004140F60042C1F254
:1020B0000161C1F60102C0F8CC20C0F8D020C0F800
:1020C000D420C0F8D820C0F8E420C0F8E020C0F840
:1020D0005422C0F85822C0F85C22C0F86022C0F830
:1020E0009420C0F85022C0F838111031C0F83411D3
:1020F0000521C0F8DC110121EFF3108281F3108873
:10210000DCF8001021B1DCF800100139CCF8001027
:10211000DCF8001029B9002180F81015802180F822
:10212000101582F3108880BD10B542F2040C012412
:10213000C4F2320C4FF4254EC0F800E004FA01F16D
:10214000CCF804100024C4624DF28F04C0F20304E2
:102150004466C26433B15208026540F20612C0F20E
:10216000061201E04FF483724263C0F800E0CCF83D
:10217000001010BD4FF0FF32B1F57A7F98BF0328F1
:1021800030D840F2D853C2F200231B6853B35943EE
:1021900044F6D352C1F26202A1FB021242F20011D4
:1021A000C4F23201B3EB921F88BF930950B10228E9
:1021B00004D0012809D101F150000EE042F600419F
:1021C000C4F2320101F14C0007E042F6004001F593
:1021D0001061C4F23200A0F5DA704FF425420A60B3
:1021E00000220360104670470722012908BF05221C
:1021F000002945F6401108BF03229040C0F27371D8
:1022000001EB5001814201D2002005E0B1FBF0F06A
:102210000138FF2828BFFF20C0B2704780B50723D0
:10222000012A08BF0523002A45F6401C08BF0323E6
:1022300001FA03F3C0F2737C4FF0000EC0F808E01F
:102240000CEB530C4FF480719C45416107D3BCFBF0
:10225000F3F10139FF2928BFFF214FEA012E0EEBD0
:10226000025141F0100101614FF08051C160112114
:10227000816080BDB0B540F640530C4605464830FD
:10228000C0F203034FF00051012200F0A1F800B1A9
:102290002C71B0BDD4D4D4D42DE9F0410F78AFB1B6
:1022A00040F64056044600F148084D1CC0F20306B3
:1022B0004FF0005101224046334600F089F800B14A
:1022C000277115F8017B0FB12FF00FC0BDE8F08129
:1022D000816CC90148BF0178816CB1F1FF3FC4BF77
:1022E0004FF0FF3070470078704710B549F6441042
:1022F0004FF47A71C0F200200468E06820F010000A
:10230000E060E06840F02000E060012001F086F924
:10231000E06840F6405320F02000E06004F14800FF
:10232000C0F203034FF00051012200F051F808B150
:102330005520207110BDD4D44CF200100021C4F2FD
:1023400035003D2201708170827201724FF4E061AC
:10235000018248210170704770B54CF2031448F2B5
:10236000A065C4F23504C0F2010506462021012211
:1023700020462B4600F040F848B18021012220463B
:102380002B46667000F038F808B1607870BD002008
:1023900070BDD4D410B500244FF47A71C4F2250472
:1023A000208840F480602080012001F037F92088E7
:1023B00020F040002080208820F02000208020880D
:1023C00040F001002080208840F01000208010BDE7
:1023D00003F1010C00BF00BFBCF1010C06D0036883
:1023E0000B425FEA0F9392EA030FF5D1BCF1000FA5
:1023F0005FEA0F907047D4D403F1010C00BF00BF17
:10240000BCF1010C06D003780B425FEA0F9392EA0D
:10241000030FF5D1BCF1000F5FEA0F907047D4D4E1
:1024200042F200200021C4F220000170FF2101705F
:10243000704742F20020C4F22000817941F080010F
:102440008171017A01F07F01017243F223314180F1
:1024500000210170FF2101707047D4D4022818BFF9
:10246000704740F6301049F67811C2F20020C0F2F1
:10247000002100F053BAD4D4FDF75ABF7047D4D42A
:10248000FFF7FCBF00BE7047B0B540F638144FF000
:10249000FF31C2F20024206802F0CAFA012803D0FA
:1024A00020680021FFF7EEFF40F63C10C2F200204A
:1024B000017801B1B0BD01210170FFF7E1FF40F6E5
:1024C0004015C2F2002500BF286801382860F1D00D
:1024D000206800210022002301F066FF0128F3D0CC
:1024E00020680021FFF7CEFFEEE780B540F63C12F2
:1024F00040F64010C2F20022C2F20020002111700A
:1025000040F644120160C2F200224FF480700121B3
:1025100001F029FF40F63811C2F20021086018B915
:1025200000200021FFF7AEFF00F020F804F0E8F9EA
:10253000002080BD40F68C1C40F6EC13C2F2002C4B
:10254000C2F20023C0F800C00B608020106070470A
:1025500040F6EC3C40F64C43C2F2002CC2F20023A1
:10256000C0F800C00B6080201060704780B584B058
:1025700040F6401049F65413C2F2002040F64C6C6D
:1025800041F2881EC0F2002301684FF480620131DD
:1025900001600120009042F2D55048F6BB61C0F2C4
:1025A0000020C0F20021C2F2002CC2F2002ECDE9C0
:1025B00001EC03F0FDFB40F6AC61C2F200210860C3
:1025C00008B104B080BD0020002104B0BDE8804007
:1025D000FFF758BF10B50446FFF756FF2046BDE889
:1025E0001040FFF749BFD4D41EF0040F0CBFEFF327
:1025F0000880EFF309800149084700008F26000298
:102600000F4B1968EFF309821EF0100F08BF22ED7F
:10261000108A22E9F04FEFF30B8342F8043D0A6081
:102620004FF0100080F31188BFF34F8FBFF36F8F0F
:1026300004F03AF84FF0000080F3118800F002B87F
:102640007C0F0022074801680A6802CA81F30B88E0
:10265000B2E8F04F1EF0100F08BFB2EC108A82F300
:10266000098870477C0F002210B51020EFF3118409
:1026700080F3118804F0DCF930B14EF604504FF0CD
:102680008051CEF20000016084F3118810BD806992
:1026900010F8020C022801D1FFF7D4BF042838BF7C
:1026A000704780B548F2083048F69F5248F24853C8
:1026B000C0F20020C0F20022C0F200234FF47E716D
:1026C00000F0A6FF283140F8481D42F2F1614FF0BA
:1026D000807CC0F2002122F00102C1630264C0F8D4
:1026E00044C06FF00201C0E909137047D4D4D4D4B8
:1026F00000BE00BF00BF00BFFEE7D4D4D4D4D4D402
:102700004EF62250F021CEF20000017000F016F8D3
:102710004EF63470CEF20000016841F04041016095
:1027200062B6BFF36F8FEFF3148C2CF0040C8CF3B4
:102730001488BFF36F8F02DF00BEFDE740F62870FC
:1027400044F6D351C2F20020C1F262010068A0FB3E
:1027500001014FF0FF3000EB91110020B0EB116F41
:1027600018BF70474EF21002F023CEF20002516003
:102770004EF62351CEF200010B70906007201060DE
:10278000704700BE7047EFF31180102181F311886C
:1027900040F6B061C2F200210A68002A02F101028B
:1027A0000A6018BF704740F6B461C2F200210860A9
:1027B0004EF60450CEF200000068C00500D170470C
:1027C00080B548F2083048F22E3248F62543C0F270
:1027D0000020C0F20022C0F2002340F2A44100F029
:1027E00017FF40F6B060C2F20020016859B101390C
:1027F000016018BF704740F6B460C2F20020006864
:1028000080F31188704780B548F2083049F21B62A6
:1028100048F26423C0F20020C0F20022C0F200237C
:1028200040F2AD4100F0F4FE80B598B34EF6902E24
:10283000C4F2010E9EF800100A0722D04EF2FA32BE
:102840004AF2025CC4F20102CFF6FF7C002013883A
:10285000A2F800C08EF8000043F425401080BFF3BA
:102860004F8F30BFBFF36F8F62B6BFF36F8F72B6FB
:102870001088A2F800C08EF8001040F425401080A7
:1028800080BDBFF34F8F30BFBFF36F8F62B6BFF312
:102890006F8F72B680BD80B572B603F097FC0120D1
:1028A000FFF7C2FF62B6BDE8804003F0E9BC80B527
:1028B000EFF30380103840B2002806D44EF20041F6
:1028C000CEF20001405C0F2817D94EF60C50CEF224
:1028D00000000068400558BF80BD48F2083049F24A
:1028E000952248F2BF63C0F20020C0F20022C0F27D
:1028F000002340F2216100F08BFE48F2083049F2DB
:10290000952249F29153C0F20020C0F20022C0F299
:10291000002340F20F6100F07BFED4D480B545F275
:102920005422C5F24F020260084600F021F900204F
:1029300080BD0146002000220A60704780B508462D
:1029400000F016F9002080BD70B586B001A8049093
:1029500003A814460D46ADF8081001920126ADF803
:102960000C6000F069F940F61070EFF31081C2F2CC
:10297000002086F3108802683AB940F6145200230A
:10298000C4F24002137040231370026801320260E7
:1029900081F31088E10340F600014FEA1522C4F2EA
:1029A000400101D4EBB20CE001EB8216EBB256F819
:1029B000235025F4803546F8235024F4803546F81A
:1029C000235001EB8211012241F82340EFF31081E3
:1029D00082F31088026812B10268013A026000684E
:1029E00038B940F614500022C4F240000270802230
:1029F000027081F31088002006B070BD042000230F
:102A0000C4F24000CFF6FF7340EAD100C9B220F013
:102A10001B00006843EA104020FA01F1002001F099
:102A200001011170704780B56FF00100002300EACA
:102A3000D110C4F2400340F20C0E012A43EA001CFC
:102A40004FEA0013C4F2400EC8B24FF001015EF825
:102A500003204FF4803301FA00F103FA00F003D1B0
:102A600022EA0000014302E022EA010101430020C2
:102A7000CCF80C1080BD6FF03F00CBB200EA9100A3
:102A800040F6000100EB8300C4F2400141580020F1
:102A9000C1F340011170704710B5CBB201209840CE
:102AA0006FF0010E84B20EEAD110002A40F2080243
:102AB0004FF4803C4FEA0011C4F240024FF0000096
:102AC00008BF0CFA03F4545010BD80B56FF001003C
:102AD00040F2000C00EAD110C4F2400C010103EAFC
:102AE000020E62EA03025CF801004EEA000E0020CA
:102AF00002EA0E024CF8012080BD6FF0010000EAEE
:102B0000D11004210001C4F2400109580020090C31
:102B1000118070476FF0010003EA020C00EAD11047
:102B200023EA02010C230201C4F2400300204CEA14
:102B30000141995070476FF00100042300EAD11061
:102B4000C4F24003010100205958118070476FF012
:102B5000010003EA020C00EAD11023EA0201082373
:102B60000201C4F2400300204CEA01419950704731
:102B700070B5044600F060F840F6107CEFF3108169
:102B8000C2F2002C012080F31088DCF8000038B974
:102B900040F614500022C4F240000270402202703D
:102BA000DCF800000130CCF8000081F310882088A8
:102BB00028B340F6000E0021C4F2400E00BF00BF53
:102BC000606800EBC10250F831309288D8034FEAB8
:102BD0001220D2B20BD50EEB801555F8226026F4E8
:102BE000803645F8226023F4803645F822600EEBEB
:102BF0008010013140F8223020888142E0D301204A
:102C0000EFF3108180F31088DCF8000020B1DCF8CD
:102C100000000138CCF80000DCF8000038B940F6BC
:102C200014500022C4F2400002708022027081F32E
:102C3000108870BDD4D4D4D42DE9F04F81B00446AF
:102C40000088002862D04EF64C4B0025C4F2010BE0
:102C50004FF0010A00BF00BF42F2400649F6B81823
:102C60000027C4F22006C0F2002800BF00BF00BF4A
:102C7000606838F8021B00EBC50082888A423DD1AB
:102C800000689BF8001000F0B8500AFA07F9B0F19C
:102C9000807F09EA010017D158B9012000F0C7FD73
:102CA0009BF8000040EA09008BF80000012000F0CA
:102CB00097FD96F90000002820D4307840F080007D
:102CC00017E000BF00BF00BF58B1012000F0AFFD0A
:102CD0009BF8000020EA09008BF80000012000F0BA
:102CE0007FFD96F90000B0F1FF3F07DC307800F07F
:102CF0007F003070C820012100F090FC01370236BF
:102D0000032FB5D1208801358542A5D301B0BDE898
:102D1000F08FD4D4D4D4D4D44EF2A001C4F20101A3
:102D20000A78D206FCD408700878C006FCD4704734
:102D300040F2204205280868C2F2002205D1506105
:102D40004868D06188681062704790614868506236
:102D5000886890627047D4D44EF22401C4F2010115
:102D60008878098801F00F02A2F1080103293BD8F5
:102D7000DFE801F0022C101E40F22041C2F20021D7
:102D800051F820004AF6AB21CAF6AA21A0FB0101A6
:102D9000480830E040F22041C2F2002151F8200002
:102DA0004AF6AB21CAF6AA21A0FB0101C80822E01D
:102DB00040F22041C2F2002151F820004AF6AB2136
:102DC000CAF6AA21A0FB0101080914E040F2204143
:102DD000C2F2002151F820004AF6AB21CAF6AA211E
:102DE000A0FB0101880806E040F22041C2F2002168
:102DF00051F82000D04040F62871C2F2002108604E
:102E0000704710B54EF2200C4FF0030EC4F2010CC7
:102E1000030158BF4FF0010EDCF80020032312F02D
:102E2000006F4FF00702DCF8004004BF0F220123BF
:102E300002EA1462C0F3026403FA02F20EFA04F327
:102E4000934204D2ACF80410CCF8000010BDCCF8CA
:102E50000000ACF8041010BD4CF200000021C4F2D8
:102E60001300017001780178007870474CF200007F
:102E7000C4F2130041686FF39F21652938BF704782
:102E8000012101707047D4D42DE9F04F83B040F296
:102E9000204E0E468146C2F2002E09014FF003017A
:102EA0001546C6F3026258BF01215EF829409140E1
:102EB0004EF2001342F20000C0F2F553C4F20000DB
:102EC000B4FBF1F729074FF003014AF201524FF02A
:102ED000030A58BF012102979F4205F0070C2746BD
:102EE00001940BD902800127BFF35F8F07724FF463
:102EF0002547BFF35F8F07805EF829702B0B0122F7
:102F0000C5F302302CB202FA03F3002C48BF0AFAD0
:102F100000F3300FC6F3027402FA00F04CF200081E
:102F2000002EC4F2130848BF0AFA04F04EF2260439
:102F3000C4F20104B7FBF0FA002088F8000098F80A
:102F4000000098F8000098F800005EF82900227848
:102F5000B7FBF3FB44F23F275EF82220C0F20F07D5
:102F6000904201FA0CF000903DD21E20012100F0A9
:102F700055FB3046294684F80090FFF742FF4DF696
:102F800083600BEB0701C4F21B30BBF5004FA1FBC4
:102F900000124FEA9241D8F8042098BF00219142D4
:102FA00008D001F1F05200BFC8F80420D8F804306E
:102FB0009942F9D10AEB0701BAF5004FA1FB0001D4
:102FC0004FEA9140D8F8081098BF0020884247D0B7
:102FD00000F1614100BF00BFC8F80810D8F8082010
:102FE0009042F9D13CE04DF683600BEB0701C4F24F
:102FF0001B30BBF5004FA1FB00124FEA9241D8F8FD
:10300000042098BF0021914208D001F1F05200BF86
:10301000C8F80420D8F804309942F9D10AEB070126
:10302000BAF5004FA1FB00014FEA9140D8F8081013
:1030300098BF0020884209D000F1614100BF00BF65
:10304000C8F80810D8F808209042F9D1304629462F
:10305000FFF7D7FE1E20012100F0E0FA84F800906F
:10306000DDE90010B0FBF1F0D8F804106FF39F21F8
:10307000652902D3012188F800104EF2001140F6B4
:103080002872C0F2F551C2F200220131029B106099
:103090008B420FD242F200014AF20150C4F2000109
:1030A00008800020BFF35F8F08724FF42540BFF304
:1030B0005F8F088003B0BDE8F08F10B51E2001219E
:1030C00000F0ACFA40F62870C2F20020046846F224
:1030D0000150C1F6CD5084421AD34EF2200040F682
:1030E000B862C4F20100C2F2002281881180016836
:1030F000C1F30362090E42EA02131B0143EA0131E4
:1031000011448180FFF728FE1E20012100F086FA7D
:1031100046F20050C1F6CD5084425FEA9F9010BD48
:1031200010B504461E20012100F078FA8CB140F65B
:10313000B8604EF22401C2F20020C4F201010088FE
:103140000880FFF709FE1E200121BDE8104000F0B5
:1031500065BA10BDD4D4D4D42DE9F041A0A04EF26C
:10316000FA38C4F201084AF2015190ED001F40F212
:103170002040CFF6FF71C2F200200231A8F8001003
:103180004CF600214EF601464EF60047C3F69A3142
:103190004FF40042C0E9042144F2553148F20042A4
:1031A0004EF2140580ED001FC4F20106C4F20107BF
:1031B000C1F2DE31C1F2D772C4F20105C0E90712D3
:1031C000FFF7CAFD4FF650600A21CFF6FF70395461
:1031D000092085F88E00387818B93078800700F01B
:1031E000F980387858B901203870C820012100F0E2
:1031F00015FA00BF00BF00BF38780128FCD10020BD
:10320000307038704AF20156002085F82200A87705
:1032100095F828000007FBD54EF614504FF6021122
:10322000C5F8981040F251412987CEF20000BFF353
:103230004F8FBFF36F8F02684EF2000122F400320D
:1032400002600022C0F83C22CEF20101BFF34F8F92
:10325000BFF36F8F0A6822F440520A60BFF34F8FAA
:10326000BFF36F8F2A7802F0F80201322A7000BF94
:103270002A78D206FCD40A6842F440520A60BFF3AE
:103280004F8FBFF36F8F0168890312D4BFF34F8F45
:10329000BFF36F8F0021C0F83C12BFF34F8FBFF315
:1032A0006F8F016841F400310160BFF34F8FBFF3AE
:1032B0006F8F0020A87500BF95F828008006FBD509
:1032C0004CF200070020C4F21307387038783878C1
:1032D00038787868FA2807D0FA20C1F6006000BF75
:1032E00078607968FA29FBD1B8687D2808D07D20FC
:1032F000CEF2001000BF00BFB860B9687D29FBD1D5
:1033000043F23240C3F22320E86042F220102882C8
:103310000520A874FFF720FD1E200121012400F0E4
:103320007DF978686FF39F20652828BF3C70FFF710
:1033300013FD42F200004FF42541C4F20000068064
:10334000BFF35F8F0472BFF35F8F018085F83F404A
:1033500095F8600040F0400085F8600000BF00BFB5
:1033600095F96000B0F1FF3FFADC002085F85800C5
:10337000402185F8601085F8600000BF00BF00BFE5
:1033800095F960000028FBD495F8620040F04000F9
:1033900085F8620000BF00BF95F96200B0F1FF3F01
:1033A000FADC002085F85A00C02085F8620095F804
:1033B000620000F0BF0085F8620000BF00BF00BFE0
:1033C00095F962000028FBD44FF42540A8F80000CE
:1033D000BDE8F0814FF47A7000F00EF812E700BFFC
:1033E000006CDC0200127A000080000000366E01E2
:1033F0004FF47A7100F012B97047D4D4D4D4D4D435
:103400002DE9F04F81B04EF2FA3143F20406C4F2D6
:1034100001018246C4F220064AF20350B1F800903E
:1034200008804FF0010B00254FF480340127002065
:1034300004FA00F132680A4210D1EFF310888BF3DE
:10344000108832680BFA00F011433160316805438F
:103450001E20012100F0E2F888F31088F8074FF0F1
:1034600001004FF00007E3D14EF2750740F2204112
:10347000C4F20107C2F20021387800F00F0051F8C1
:10348000200017F8081C01F00F01022901D80122C1
:103490000BE0CA1E052A06D249F6AC31C0F2002163
:1034A00051F8221003E00839102202FA01F1B0FBB2
:1034B000F1F04DF68361C4F21B31A0FB01016FF006
:1034C000010000EA5140012100F0A8F8387840F0EE
:1034D0004000387000BF00BF97F90000B0F1FF3F17
:1034E000FADC9AF8010007F8080C9AF8000040F09E
:1034F000400038709AF80000387000BF00BF00BF6D
:1035000097F900000028FBD400204FF0010A4FF487
:103510008038012400BF00BF25FA00F1C90710D090
:10352000EFF310878AF3108808FA00F0316821EA77
:103530000000306030681E20012100F06FF887F332
:103540001088E0074FF001004FF00004E4D14EF284
:10355000FA3149F42540C4F20101088001B0BDE808
:10356000F08F40F22041C2F2002151F82000704754
:10357000B0B542F22404C820C4F220040121002581
:10358000257100F04BF82570207808B12FF005C0A8
:10359000207840F00200207020788007FCD40020C2
:1035A00004F8020C00BF00BF14F8020C08B12FF0A1
:1035B00005C84FF0030E002004F11C0100BF00BF3E
:1035C00011F8102002F07F0201F8102000BF00BFA8
:1035D00011F91020002AFBD401300FF00FC8012090
:1035E00000F025F94EF64C410120C4F20101002201
:1035F0000A70BDE8B04000F0F3B8D4D4704701467B
:1036000000220020C0F206620A607047D4D4D4D4ED
:1036100000BE00BF00BF00BFFEE7D4D440F6287252
:1036200041F20023C2F20022C0F27A03484312683A
:103630009A420FD344F23F21C0F20F0111444DF6DC
:103640008362C4F21B32A1FB0212910CA0FB0101A8
:10365000C9B11BE04CF60021C3F69A31B1FBF2F17F
:1036600048F63812C0F24102904205D24FF47A7205
:103670005043B0FBF1F006E0B0FBF1F0904205D210
:103680004FF47A71484328B100F006B84FF0FF308C
:1036900000F002B87047D4D401380028FCD170473C
:1036A00040F6BC630246C2F20023002043F8221019
:1036B0007047D4D4D4D4D4D4F0B581B04CF2001532
:1036C00040F6BC67C4F200050024C2F20027286857
:1036D000296A01EA000600BF26FA04F0C00704D0F8
:1036E00057F8241009B1204688470134152CF3D12E
:1036F0002E6100BF00BF00BF286A3042FCD101B07C
:10370000F0BDD4D400780021C4F2020151F82000A9
:10371000002818BF0820704701780022C4F2020276
:103720000020012342F82130704780B540F6147123
:10373000C2F20021086043F25771C0F20021142048
:10374000FFF7AEFF4CF200110020C4F200014FF46D
:1037500080120A6080BD142818BF7047882001219C
:10376000C4F20200016040F61470C2F2002000684A
:1037700000B10047704794210020C4F202010122E9
:103780000A60704749F6C030C0F20020008820B1BE
:103790004CF20031C4F2000108607047D4D4D4D494
:1037A00070B50C468047D4B1C8B949F6D810C0F2FC
:1037B000002084689CB1C0684FF4602600F10805C1
:1037C000B5F80500B6EB002F05D155E902022968CE
:1037D000121A04F0F5FC013C05F11005F0D170BDA2
:1037E000EFF31081012282F3108840F61C72C2F2BE
:1037F000002232F8103023B132F81030013B22F8A9
:10380000103032F810207AB94EF2FA3249F6C23C42
:10381000C4F20102C0F2002C13883CF8100043F4FB
:10382000254323EA0000108081F31088704710B50B
:10383000EFF31081012282F3108840F61C72C2F26D
:10384000002232F8103083B94EF2FA3E49F6C23CFB
:10385000C4F2010EC0F2002CBEF800403CF810305B
:10386000234343F42543AEF8003032F810300133DF
:1038700022F8103081F3108810BDD4D480B50548EB
:103880007844026804F0B4FC01464FF0FF300C238A
:103890008B5080BD9C63000070B543F60045044624
:1038A000C4F2000500BF00BF95F8500008B12FF02A
:1038B00005C84FF08700A8844FF0100028709CB115
:1038C0000020FFF7B4FF4EF253000126C4F20100BE
:1038D00006700020FFF784FF85F8206000BF00BF5E
:1038E00095F850000007FBD40120A87000206870F4
:1038F00095F8500008B12FF005C842F20350C0F20D
:103900000500A4B14FF40C71A5F8481000BF00BF2A
:1039100095F85010C907FBD16864012085F8400074
:1039200047F2A831A982A8751120287070BD68647B
:10393000012085F8400047F2A831A982A87500BF90
:103940002878C007FCD195F8500008B12FF009C0C5
:103950000120287470BDD4D443F600401021C4F275
:103960000000017000BF00BF0178C907FCD190F8CA
:10397000501009B12FF009C0012101747047D4D44F
:1039800010B54EF25304C4F20104207838B9002077
:10399000FFF74DFF012020700020FFF721FF43F6C5
:1039A0000040C4F2000000BF90F8501009B12FF0A1
:1039B00005C8002101741121017010BDD4D4D4D4E4
:1039C00000F006F8FEF791FDFEE700BE7047D4D484
:1039D00070B54EF6005540F20120CEF20005C0F25F
:1039E0000E004EF200066861CEF20106BFF34F8F63
:1039F000BFF36F8F2968C1F3035001285FEA1F925C
:103A000011F00F0F5FEA0F911142316811D10228B6
:103A10000FD241F0040030604EF20800BFF34F8F28
:103A2000CEF20000BFF36F8F016841F48031016076
:103A300002E021F004003060BFF34F8FBFF36F8FBF
:103A40004FF4700040F20001C5F888000020C0F279
:103A50000021A9600024FEF701FDFFF77DFB4EF277
:103A6000FA304EF6B022C4F20100C4F201024AF26A
:103A70000251018014704FF4254101800120FEF7AE
:103A8000EDFC40F22000C2F2002080F30A8830688A
:103A9000800721D5A868B0F1007F1DD130694FF4AF
:103AA0000071C0F3C300726901FA00F3C2F3C300EE
:103AB00081400020DA08CB080146064642F005C0E6
:103AC000E6E802010FF005C04FF0005243F005C0D8
:103AD000E2E802010FF005C0002000F099F8FFF7BE
:103AE0003BF9FFF745FD0320FFF7A1FE4FF00E0E57
:103AF00040F63050C4F2400020F8044B0FF005C0EF
:103B00004EF210140320C4F20104FFF769FE0320F3
:103B1000FFF78DFE44F204000021C4F22000016092
:103B200041608160C1600320FFF75AFED4F8C802EB
:103B3000800714D42078A0B10120FFF778FE00BFE1
:103B400094F9000010F1410FFADC0020207000BF52
:103B500020783F28FCD80120FFF742FE01E0D4F88E
:103B6000C802D4F8C802400715D42079A8B10120B2
:103B7000FFF75DFE00BF00BF94F9040010F1410F94
:103B8000FADC0020207100BF20793F28FCD80120FA
:103B9000FFF726FE01E0D4F8C8020220FEF75EFC23
:103BA000012000F035F841F28014C2F200242046D2
:103BB00004F044FB204604F021FBBFF34F8FBFF31A
:103BC0006F8F0020C5F8500249F6244049F6244181
:103BD000C0F20020C0F20021BFF34F8F081ABFF3DC
:103BE0006F8F8410012C08DB49F62445C0F20025B4
:103BF00055F8040B8047013CFAD1FFF7C3FD0020C4
:103C0000BDE87040FFF7FABC7047D4D4D4D4D4D404
:103C1000F0B581B049F6D8150446C0F200252E68EB
:103C200076B16868071D00BF7879844204D157E9EE
:103C30000101091A04F07AFA013E07F10C07F3D1E9
:103C4000AE6896B1E86800F1080500BF00BF00BF8C
:103C50006879844205D155E902022968121A04F0F4
:103C6000AFFA013E05F11005F2D101B0F0BDD4D498
:103C700010B582B070B10446182001900198182840
:103C800017D12046002140F8041B00F04FFA2046CF
:103C900002B010BD48F6195048F66B4249F28E1337
:103CA000C0F20020C0F20022C0F200235D21FFF725
:103CB000AFFC48F6195048F66B4248F68343C0F211
:103CC0000020C0F20022C0F200236521FFF7A0FC13
:103CD0002DE9F041B2F1807F4BD21446002A57D033
:103CE00098460F46054603F08DFAB8F1000F01D053
:103CF00000285CD002F06AFA284639462E6800F0A7
:103D000067F83743F843204203D12868A04328606E
:103D10002AE0B8F1000F26D0281D44F0A0614246E9
:103D200003F00DF802F0ACFA50B94EF604504FF023
:103D30008051CEF200000160BFF34F8FBFF36F8F51
:103D400003F073FA064680010AD4FEF71CFD2E68C4
:103D5000F043204202D126EA04002860FEF741FD2C
:103D600026F07F4702E02F6802F08AFA3846BDE865
:103D7000F08148F6195048F6801248F6DB03C0F28D
:103D80000020C0F20022C0F20023C521FFF740FC52
:103D900048F6195048F6801248F61313C0F2002076
:103DA000C0F20022C0F20023C621FFF731FC48F622
:103DB000195048F6801248F2D253C0F20020C0F2E7
:103DC0000022C0F20023C921FFF722FCD4D4D4D4AE
:103DD0002DE9F04198B30D46B1F1807F3FD2044602
:103DE00000F10C0802F0F2F927692068474540EA23
:103DF000050020601DD000253846D7E9003723F0A4
:103E00007F4221685E0101EA02060DD436B141F01D
:103E10000071DB0148BF154303F0A6F84745EBD11D
:103E200005E000BF00BF00BF9642F0D0F6E7206873
:103E3000A843206002F024FA2068BDE8F08148F62B
:103E4000195048F2256248F6C663C0F20020C0F25D
:103E50000022C0F2002340F23221FFF7D9FB48F6DE
:103E6000195048F2256248F6EE13C0F20020C0F265
:103E70000022C0F2002340F23321FFF7C9FB2DE9F5
:103E8000F04381B000286ED00D46B1F1807F7AD228
:103E9000002D00F0888004461F469046DDF82090F3
:103EA00003F0B0F9B9F1000F02D0002800F08B80C8
:103EB00002F08CF9266816EA05005FEA1F91A84215
:103EC0005FEA0F90002F51EA008000283FD0B9F13F
:103ED000000F42D04146B8F1000F18BF4FF080717B
:103EE000002F04F1040018BF41F0806129434A46C5
:103EF00002F025FF02F0C4F950B94EF604504FF01D
:103F00008051CEF200000160BFF34F8FBFF36F8F7F
:103F100003F08BF90646800116D4FEF734FC2668C0
:103F200016EA05005FEA0F91A8425FEA1F90002F92
:103F300051EA0080B8F1000F18BF002802D026EA2D
:103F400005002060FEF74DFC26F07F4607E0B8F143
:103F5000000F02D026EA0500206002F091F93046F9
:103F600001B0BDE8F08348F6195049F2470248F61F
:103F7000C663C0F20020C0F20022C0F2002340F26B
:103F80004711FFF745FB48F6195049F2470248F63A
:103F9000DB03C0F20020C0F20022C0F200234FF485
:103FA000A471FFF735FB48F6195049F2470248F66D
:103FB0001313C0F20020C0F20022C0F2002340F22E
:103FC0004911FFF725FB48F6195049F2470248F21C
:103FD000D253C0F20020C0F20022C0F200234FF4FE
:103FE000A671FFF715FB70B570B10D46B1F1807F7A
:103FF0001AD20446FEF7C7FB266826EA05002060B1
:10400000FEF7EFFB304670BD48F6195049F2C65234
:1040100048F6C663C0F20020C0F20022C0F20023BE
:104020004FF4F171FFF7F4FA48F6195049F2C6520D
:1040300049F2E973C0F20020C0F20022C0F200236E
:1040400040F2E311FFF7E4FA1021EFF3118281F35C
:104050001188006882F311887047D4D4D4D4D4D4A2
:10406000B0B540B3044602F0B1F8606878B104F12D
:104070000C0500BF00BF00BF2069A8420BD04FF065
:10408000007102F071FF606808B12FF00BC8BDE845
:10409000B04002F0F5B848F6195048F64B5248F6D1
:1040A0002223C0F20020C0F20022C0F2002340F21E
:1040B0009A21FFF7ADFA48F6195048F64B5249F2EB
:1040C000B423C0F20020C0F20022C0F2002340F26C
:1040D0008E21FFF79DFA80B520B199B102460120EB
:1040E0000A6080BD48F6195049F25D4249F2B42396
:1040F000C0F20020C0F20022C0F2002340F2C22130
:10410000FFF786FA48F6195049F25D4248F2E73364
:10411000C0F20020C0F20022C0F2002340F2C3210E
:10412000FFF776FAFFF754BEFFF75DBF01464FF089
:10413000FF3241F8082F0022C0E90311C0E9002135
:10414000704700210161704742684A6093688B6044
:104150005960916008610168013101607047D4D4F1
:1041600080B5D1F800C01CF1010207D000F10802AF
:104170009646526813686345FAD903E0D0F810E018
:10418000DEF804204A609160C1F808E0CEF804101F
:10419000086101680131016080BDD0E90123016936
:1041A000936042685A604A68824201D182684A60DC
:1041B00000220261086801380860704770B5002865
:1041C0004BD00446C06BC0B30E46216CA0FB01016E
:1041D00099BBFEF7D8FAD4E90F010025226801FB4C
:1041E00000230138A56300FB0120C4E90123E0603E
:1041F000FF2084F8440084F8450004F110004EB11B
:10420000FFF794FF04F12400FFF790FFFEF7E9FAAF
:10421000012070BD01680029F8D002F01DFE0028C1
:10422000F4D04EF604504FF08051CEF20000016001
:10423000BFF34F8FBFF36F8FE8E748F68C7049F2FA
:10424000DB5249F23F33C0F20020C0F20022C0F23C
:1042500000234FF4B671FFF7DBF948F68C7049F292
:10426000DB5249F20E33C0F20020C0F20022C0F24D
:10427000002340F23711FFF7CBF910B582B043B3FA
:10428000B8B11C4601B9A2B901B192B1482301935A
:10429000019B482B2DD1002954EA0282019BC4E9DD
:1042A0000F01012120462260FFF788FF204602B05F
:1042B00010BD48F68C7048F65D5249F2A113C0F269
:1042C0000020C0F20022C0F200234FF4D871FFF7A3
:1042D0009FF948F68C7048F65D5248F2C773C0F2F9
:1042E0000020C0F20022C0F200234FF4C271FFF799
:1042F0008FF948F68C7048F65D5248F6A343C0F239
:104300000020C0F20022C0F200234FF4CB71FFF76F
:104310007FF980B538B1B2B1034609B118680860B9
:104320000120136080BD48F68C7048F6683249F26F
:104330000E33C0F20020C0F20022C0F2002340F28F
:10434000C711FFF765F948F68C7048F6683249F2F4
:10435000C023C0F20020C0F20022C0F200234FF4BC
:10436000E471FFF755F9B0B582B060B10D468142F6
:1043700009D81446002100222346FFF77EFFA563DB
:10438000204602B0B0BD48F68C7048F6D26248F2C2
:10439000D573C0F20020C0F20022C0F200234FF417
:1043A0005E71FFF735F9D4D42DE9F04F83B00028C2
:1043B000029200F09D8004461D461646894619B9B2
:1043C000206C002840F0C480022D03D1E06B01284E
:1043D00040F0AE8002F016FF10B9002E40F0988039
:1043E000FEF7D1F9022DA06B5BD0E16B884258D368
:1043F00001206F464FF0000B02AE00BF00BF00BFB0
:104400000299002968D0C00702D0384602F05AFE4F
:10441000FEF7E7F901F0DAFEFEF7B5F994F844008B
:10442000FF2808BF84F844B094F84500FF2808BF6F
:1044300084F845B0FEF7D5F93846314602F04FFE14
:1044400000284CD1FEF79FF9D4F838A0D4F83C806E
:10445000FEF7C7F9C24517D1029904F1100002F026
:104460004DFC204600F0B4F801F00AFF88B94EF682
:1044700004504FF08051CEF200000160BFF34F8F27
:10448000BFF36F8F05E000BF204600F0A1F801F0F8
:10449000F7FEFEF778F9A06BE16B88424FF0000061
:1044A000AED2204649462A4600F062F854F8240F5E
:1044B00070B1204602F0D0FC50B14EF604504FF0DF
:1044C0008051CEF200000160BFF34F8FBFF36F8FBA
:1044D000FEF787F9012008E0FEF783F904E02046A3
:1044E00000F076F801F0CCFE002003B0BDE8F08FBC
:1044F00048F68C7048F2386249F20E33C0F2002060
:10450000C0F20022C0F2002340F2B631FFF780F87B
:1045100048F68C7048F2386248F2D253C0F200205C
:10452000C0F20022C0F2002340F2BB31FFF770F866
:1045300048F68C7048F2386248F2DD73C0F2002011
:10454000C0F20022C0F200234FF46E71FFF760F852
:1045500048F68C7048F2386249F61F03C0F200201A
:10456000C0F20022C0F2002340F2B731FFF750F84A
:1045700070B5866B036C04462BB31546B2B1E06888
:104580001A4603F01DFE2168E268206C121AE260F0
:104590008A4203D24042A1680844E060022D5FEAEB
:1045A0001F90002E5FEA0080361A0CE060681A4601
:1045B00003F006FED4E90101226C104460608842D9
:1045C00001D320686060701CA06370BDD4D4D4D4C3
:1045D000F0B581B00446FEF7D6F894F94560012E97
:1045E0000EDB04F1240500BF286848B1284602F01C
:1045F00033FC08B102F0C3FD70B2013E0128F3DCC8
:10460000FF2684F84560FEF7ECF8FEF7BCF894F955
:104610004470012F10DB04F1100500BF00BF00BF84
:10462000286848B1284602F017FC08B102F0A7FD3F
:1046300078B2013F0128F3DC84F8446001B0BDE8A2
:10464000F040FEF7CEB82DE9F047002849D00546E6
:104650001E4690460F4611B9286C002861D1022EE3
:1046600002D1E86B01284CD1FEF721F9EFF3118953
:10467000102080F31188022EA86B04D0E96B8842C9
:1046800001D3002029E095F94540A86B284639461A
:1046900032465FFA84FAFFF76BFFBAF1FF0F0BD0D7
:1046A00002F0B1FAA04217D9BAF17F0F49D00AF14E
:1046B000010085F845000FE055F8240F60B1284649
:1046C00002F0CAFB01460120B8F1000F18BF002913
:1046D00003D0C8F8000000E0012089F31188BDE88C
:1046E000F08748F68C7048F24A6249F20E33C0F205
:1046F0000020C0F20022C0F200234FF49261FEF7C6
:1047000087FF48F68C7048F24A6248F2DD73C0F2C7
:104710000020C0F20022C0F2002340F29241FEF7D6
:1047200077FF48F68C7048F24A6249F61F03C0F2E0
:104730000020C0F20022C0F2002340F29141FEF7B7
:1047400067FF48F68C7048F24A6249F25B03C0F298
:104750000020C0F20022C0F2002340F21E51FEF7FA
:1047600057FF2DE9F04100283CD00546006C002899
:1047700048D12868884610B9A868002852D1FEF7A9
:1047800096F81020EFF3118680F31188A86BE96B7F
:10479000884210D295F945400130A863E7B2FF2F57
:1047A0000BD002F030FAA04217D97F2F4AD0781CE4
:1047B00085F8450011E0002010E055F8240F60B1A5
:1047C000284602F049FB01460120B8F1000F18BF4E
:1047D000002903D0C8F8000000E0012086F311880A
:1047E000BDE8F08148F68C7048F2636249F20E33FE
:1047F000C0F20020C0F20022C0F200234FF4A861F2
:10480000FEF706FF48F68C7048F2636249F22D63AA
:10481000C0F20020C0F20022C0F2002340F2445156
:10482000FEF7F6FE48F68C7048F2636249F2AC433C
:10483000C0F20020C0F20022C0F2002340F2495131
:10484000FEF7E6FE48F68C7048F2636249F25B03BD
:10485000C0F20020C0F20022C0F2002340F2CB518F
:10486000FEF7D6FED4D4D4D42DE9F04F83B000287F
:10487000029200F0AA8004461646894619B9206CB7
:10488000002840F0C28002F0BDFC10B9002E40F0BC
:10489000AC80FDF778FFD4F838A0BAF1000F29D02A
:1048A000226C52B1D4E902011144E160814201D38A
:1048B0002168E160484603F083FC54F8100F00289B
:1048C000AAF10100A0620ED0204602F0C5FA50B154
:1048D0004EF604504FF08051CEF200000160BFF35D
:1048E0004F8FBFF36F8F0124FDF77BFF204603B08E
:1048F000BDE8F08F04F1240801206F464FF0000B53
:1049000002AE00BF00BF00BF0299002959D0C00706
:1049100002D0384602F0D6FBFDF763FF01F056FCEB
:10492000FDF731FF94F84400FF2808BF84F844B035
:1049300094F84500FF2808BF84F845B0FDF751FF03
:104940003846314602F0CBFB70B12046FFF740FEFF
:1049500001F096FCFDF717FFA56BFDF742FF95B33D
:1049600026E000BF00BF00BFFDF70DFFA56BFDF700
:1049700038FF2DB12046FFF72BFE01F081FC17E038
:104980000299404602F0BAF92046FFF721FE01F0F5
:1049900077FC68B94EF604504FF08051CEF200001B
:1049A0000160BFF34F8FBFF36F8F00BF00BF00BF29
:1049B000FDF7E9FED4F838A00020BAF1000FA3D02B
:1049C0006EE7002490E7002490E748F68C7048F6E4
:1049D000F66248F24D73C0F20020C0F20022C0F22D
:1049E000002340F2E951FEF713FE48F68C7048F6BA
:1049F000F66248F2D253C0F20020C0F20022C0F2A8
:104A0000002340F2F251FEF703FE48F68C7048F6A0
:104A1000F66249F2AC13C0F20020C0F20022C0F2EC
:104A2000002340F2ED51FEF7F3FDD4D4D4D4D4D416
:104A30002DE9F04F83B00028029100F090800446E9
:104A4000006C002840F09B800D4602F0DBFB10B9A3
:104A5000002D40F0A480FDF796FEA06BD0B154F875
:104A6000101F0138A06271B1204602F0F5F950B173
:104A70004EF604504FF08051CEF200000160BFF3BB
:104A80004F8FBFF36F8F0124FDF7ABFE204603B0BD
:104A9000BDE8F08F4EF6045904F1240801216E465A
:104AA0004FF0000B02AFCEF200094FF0805A00BF6A
:104AB000029800284FD0C80702D0304602F002FB0F
:104AC000FDF78FFE01F082FBFDF75DFE94F84400D8
:104AD000FF2808BF84F844B094F84500FF2808BFB9
:104AE00084F845B0FDF77DFE3046394602F0F7FA0E
:104AF00070B12046FFF76CFD01F0C2FBFDF743FEED
:104B0000A56BFDF76EFE45B31EE000BF00BF00BF02
:104B1000FDF739FEA56BFDF764FE2DB12046FFF7CA
:104B200057FD01F0ADFB0FE00299404602F0E6F8B8
:104B30002046FFF74DFD01F0A3FB28B9C9F800A0FE
:104B4000BFF34F8FBFF36F8FFDF71DFEA06B0021EA
:104B50000028ADD083E7002496E7002496E748F6C6
:104B60008C7048F6BE4248F24D73C0F20020C0F28D
:104B70000022C0F2002340F28261FEF749FD48F6B0
:104B80008C7048F6BE4249F22D63C0F20020C0F29C
:104B90000022C0F2002340F28661FEF739FD48F69C
:104BA0008C7048F6BE4248F2D253C0F20020C0F2E8
:104BB0000022C0F2002340F28B61FEF729FDD4D41D
:104BC0002DE9F04F83B00028029200F0A180044646
:104BD0001646894619B9206C002840F0B98002F0C9
:104BE00011FB10B9002E40F0A380FDF7CCFDA06BA7
:104BF00038B3226CE5684AB1A068A918E160814227
:104C000001D32168E160484603F0DAFA54F8240F32
:104C100044F8185C70B1204602F01EF950B14EF60F
:104C200004504FF08051CEF200000160BFF34F8F6F
:104C3000BFF36F8F0124FDF7D4FD204603B0BDE81C
:104C4000F08F04F1240801206F464FF0000B02AEF4
:104C50000299002958D0C00702D0384602F032FA33
:104C6000FDF7BFFD01F0B2FAFDF78DFD94F84400A9
:104C7000FF2808BF84F844B094F84500FF2808BF17
:104C800084F845B0FDF7ADFD3846314602F027FA0D
:104C900070B12046FFF79CFC01F0F2FAFDF773FDBE
:104CA000A56BFDF79EFD8DB326E000BF00BF00BFE2
:104CB000FDF769FDD4F838A0FDF793FDBAF1000FB8
:104CC00005D02046FFF784FC01F0DAFA14E00299DF
:104CD000404602F013F82046FFF77AFC01F0D0FAC4
:104CE00050B94EF604504FF08051CEF200000160F2
:104CF000BFF34F8FBFF36F8FFDF745FDA06B00280B
:104D00004FF00000A4D074E7002494E7002494E757
:104D100048F68C7049F2EE5248F24D73C0F2002012
:104D2000C0F20022C0F2002340F26171FEF770FC75
:104D300048F68C7049F2EE5248F2D253C0F200208D
:104D4000C0F20022C0F2002340F26A71FEF760FC5C
:104D500048F68C7049F2EE5249F2AC13C0F20020D2
:104D6000C0F20022C0F2002340F26571FEF750FC51
:104D70002DE9F047002849D0054690460E4611B966
:104D8000286C002852D1FDF792FD1020EFF3118915
:104D900080F31188AC6B14B395F944702A6C5FFAF8
:104DA00087FA52B1D5E902011144E960814201D389
:104DB0002968E960304603F003FABAF1FF0FA4F165
:104DC0000100A8630DD001F01EFFB84219D9BAF155
:104DD0007F0F3BD00AF1010085F8440011E000206C
:104DE00010E055F8100F60B1284602F035F8014682
:104DF0000120B8F1000F18BF002903D0C8F8000047
:104E000000E0012089F31188BDE8F08748F68C7036
:104E100049F2784249F20E33C0F20020C0F200227B
:104E2000C0F2002340F2FD71FEF7F2FB48F68C70F1
:104E300049F2784248F68633C0F20020C0F20022E0
:104E4000C0F2002340F2FE71FEF7E2FB48F68C70E0
:104E500049F2784248F27623C0F20020C0F20022E4
:104E6000C0F2002340F64401FEF7D2FBF0B581B05A
:104E700010B304460D46006C71B370B3FDF717FD17
:104E80001020EFF3118680F31188A06B78B1226CAB
:104E9000E7684AB1A068B918E160814201D321688E
:104EA000E160284603F08CF90120E76000E0002073
:104EB00086F3118801B0F0BD48F68C7049F2C50246
:104EC00049F20E33C0F20020C0F20022C0F20023EB
:104ED00040F66101FEF79CFB78B948F68C7049F208
:104EE000C50249F21633C0F20020C0F20022C0F21F
:104EF000002340F66301FEF78BFB48F68C7049F205
:104F0000C50248F68633C0F20020C0F20022C0F28B
:104F1000002340F66201FEF77BFB10B538B1044672
:104F2000FDF731FCA46BFDF75CFC204610BD48F694
:104F30008C7048F6B77249F20B43C0F20020C0F201
:104F40000022C0F2002340F69B01FEF761FB10B582
:104F500048B10446FDF717FCA06BE16B0C1AFDF796
:104F600040FC204610BD48F68C7049F2D70249F249
:104F70000E33C0F20020C0F20022C0F200234FF432
:104F80000B61FEF745FB08B1806B704780B548F6B2
:104F90008C7048F6496249F20E33C0F20020C0F22C
:104FA0000022C0F2002340F6C501FEF731FBD4D445
:104FB000A0B140F62C7C0021C2F2002C00BF00BF43
:104FC0000CEBC1035A68824203D001310A29F7D1A0
:104FD000704700204CF831005860704780B548F6A3
:104FE0008C7049F2052249F20E33C0F20020C0F263
:104FF0000022C0F2002340F6D401FEF709FBD4D40E
:10500000A0B140F62C7C0021C2F2002C00BF00BFF2
:105010000CEBC1035A68824203D001310A29F7D14F
:10502000704700204CF831005860704780B548F652
:105030008C7049F2122249F20B43C0F20020C0F2F8
:105040000022C0F2002340F61D41FEF7E1FA006C99
:105050007047C06B704720B1806B00285FEA1F90DB
:10506000704780B548F68C7048F2756249F20E338D
:10507000C0F20020C0F20022C0F2002340F652210C
:10508000FEF7C6FA28B1816BC06B81425FEA1F90C0
:10509000704780B548F68C7049F6750249F20E33B8
:1050A000C0F20020C0F20022C0F2002340F67F21AF
:1050B000FEF7AEFAD4D4D4D4B0B5F8B1C9B140F645
:1050C0002C7E4FF0000CC2F2002E0022002300BF05
:1050D0000EEB02046568A8420CD01BB92368002BB4
:1050E00054EA0C830832502AF2D1002B18BFC3E9CE
:1050F0000010B0BD2346C3E90010B0BD48F68C7067
:1051000048F2982249F20B43C0F20020C0F200227C
:10511000C0F2002340F6C931FEF77AFAD4D4D4D4D1
:1051200098B140F62C720021C2F2002200BF00BFED
:1051300002EBC1035B68834204D001310A29F7D135
:105140000020704752F83100704780B548F68C70E7
:1051500049F20B5249F20B43C0F20020C0F2002288
:10516000C0F2002340F6FB31FEF752FA70B5154647
:105170000E460446FDF707FB94F84400FF2802D1D1
:10518000002084F8440094F84500FF2802D1002054
:1051900084F84500FDF725FBA06B28B904F1240035
:1051A00031462A4601F01CFE2046BDE87040FFF75C
:1051B0000FBAD4D42DE9F04182B09BB3089F002FE1
:1051C00040D00D46064681424CD81C46022A06D0E5
:1051D000012A09D1042E65D94FF0030806E0002EFC
:1051E00070D04FF0060801E04FF002082420019033
:1051F0000198242846D1552220463146012D98BFDA
:10520000012502F08DFF2021384602F08FFFBC619E
:105210000020C7E90265386287F81C80384602B072
:10522000BDE8F08148F2FB3048F2597248F6D243AB
:10523000C0F20020C0F20022C0F200234FF4DE7161
:10524000FEF7E6F948F2FB3048F2597248F2EB6398
:10525000C0F20020C0F20022C0F2002340F2BD11D3
:10526000FEF7D6F948F2FB3048F2597249F21A5368
:10527000C0F20020C0F20022C0F200234FF4DF7120
:10528000FEF7C6F948F2FB3048F2597249F2EE03D4
:10529000C0F20020C0F20022C0F200234FF4F271ED
:1052A000FEF7B6F948F2FB3048F2597249F228236A
:1052B000C0F20020C0F20022C0F200234FF4E871D7
:1052C000FEF7A6F948F2FB3048F2597249F2CF23B3
:1052D000C0F20020C0F20022C0F200234FF4EB71B4
:1052E000FEF796F980B558B1D1B14AB3037F9B0759
:1052F00001D4002080BD83690B601060012080BD57
:1053000048F2FB3048F6D73248F69013C0F200203E
:10531000C0F20022C0F200234FF40571FEF778F9C5
:1053200048F2FB3048F6D73248F6CE73C0F2002080
:10533000C0F20022C0F2002340F21521FEF768F906
:1053400048F2FB3048F6D73248F68823C0F20020F6
:10535000C0F20022C0F2002340F21621FEF758F9F5
:1053600080B5C8B1017F890712D4013008BF80BD64
:1053700048F2FB3048F6775249F21B73C0F2002026
:10538000C0F20022C0F2002340F24321FEF740F9B0
:10539000242102F0CBFE80BD48F2FB3048F6775264
:1053A00048F69013C0F20020C0F20022C0F20023A1
:1053B00040F23321FEF72CF92DE9F04381B020B300
:1053C0000446FDF7E0F9206908B1002517E060699F
:1053D0000025A0B9D4E902685522A76994F81C9069
:1053E0003846314602F09CFE2021204602F09EFE07
:1053F00025620125C4E90268A76184F81C90FDF7C5
:10540000F0F9284601B0BDE8F08348F2FB3048F6D9
:10541000676248F69013C0F20020C0F20022C0F28A
:10542000002340F25E21FEF7F3F82DE9F04730B398
:1054300004461020EFF3118680F31188206908B12B
:10544000002517E060690025A0B9D4E9028955223A
:10545000A76994F81CA03846414602F061FE20215D
:10546000204602F063FE25620125C4E90289A76196
:1054700084F81CA086F311882846BDE8F08748F21E
:10548000FB3048F2595248F69013C0F20020C0F2A7
:105490000022C0F200234FF42771FEF7B9F850B193
:1054A0008268012998BF0121914202D2C160012086
:1054B00070470020704780B548F2FB3048F628124C
:1054C00048F69013C0F20020C0F20022C0F2002380
:1054D0004FF43671FEF79CF880B580B1D0F808C063
:1054E000D0F800E00268436801688E45F8D102EB0D
:1054F0000C00D9430844604528BF881880BD48F295
:10550000FB3049F2101248F69013C0F20020C0F2AE
:105510000022C0F2002340F2FA21FEF779F840B1F0
:105520004168826811440068081A811A50EA318083
:10553000704780B548F2FB3049F2124248F69013AA
:10554000C0F20020C0F20022C0F2002340F21E315F
:10555000FEF75EF8D4D4D4D42DE9F04F85B00029FD
:10556000049300F0A3800446002800F0AF80914629
:10557000227FA068D207A0F1010203D1914559EA28
:1055800032860AE019F1040F80F0B08009F10406B8
:10559000964202D90022049246E0002B44D00DF13D
:1055A00008080191404601F068FD4FF0000B0DF135
:1055B000100A00BF00BF00BFFDF7E5F8A06800BFFC
:1055C0002368216862682768BB42F9D10B18D2436F
:1055D0009F18874228BF5718B7421CD2216A002063
:1055E00002F048F96069002850D101F0FCFD6061CB
:1055F000FDF7F7F8206A002100220023049D0095A2
:1056000001F078FE40465146C4F814B001F067FD41
:1056100018B92FF02FC8FDF7E4F80FB101990FE08A
:10562000A068019900BF00BF2368256862682768E9
:10563000BB42F9D12B18D2439F18874228BF571974
:1056400020464A463B46009600F060F80546C8B141
:105650006068D4E9021208442368C01A411A50EA6B
:10566000318090420ED300F0B1FD206940B1206935
:10567000216A002200230026009601F0A3FE266185
:1056800000F0FEFD284605B0BDE8F08F48F2FB3083
:1056900048F62A0248F69F13C0F20020C0F200220A
:1056A000C0F2002340F27531FDF7B2FF48F2FB3043
:1056B00048F62A0249F6EC03C0F20020C0F20022AC
:1056C000C0F2002340F23531FDF7A2FF48F2FB3073
:1056D00048F62A0248F69013C0F20020C0F20022D9
:1056E000C0F2002340F23631FDF792FF48F2FB3062
:1056F00048F62A0248F6EA73C0F20020C0F20022FF
:10570000C0F2002340F24531FDF782FF70B582B050
:105710000546D0F804C0007F14460E46C00703D1EA
:105720009C4254EA33840AE00698019483420FD3E2
:1057300001A904222846634600F0F6FA84463CB1EB
:10574000284631462246634600F0EEFA686000E0E3
:105750000024204602B070BD2DE9F04182B000293E
:105760003ED0044600284BD094F81CC09846A06850
:1057700025682768666823689D42F9D13B18F6437F
:105780000CF001053344834202EB850028BFF31976
:1057900000902046FFF7BAFF0646E8B16068D4E9FA
:1057A000021208442368C01A411A50EA318090421C
:1057B00012D31020EFF3118780F31188206948B1CC
:1057C0002069216A002200230025CDE9005801F05C
:1057D000BDFE256187F31188304602B0BDE8F08137
:1057E00048F2FB3048F2735249F6EC03C0F2002055
:1057F000C0F20022C0F2002340F2BA31FDF708FFE8
:1058000048F2FB3048F2735248F69013C0F2002081
:10581000C0F20022C0F2002340F2BB31FDF7F8FED7
:105820002DE9F04381B0002964D00446002871D0EE
:10583000207F89461F469046C10703D1400703D405
:10584000002502E0042500E0E56877B1FCF79BFF46
:105850006068A16808442268801A411A50EA3186BB
:10586000AE420BD9FCF7BDFF25E06068A168084493
:105870002268801A411A50EA31861CE0216A002011
:10588000002601F0F7FF2069002853D101F0ABFC9E
:105890002061FCF7A6FF206A002100220023009768
:1058A00001F028FD2661A068616801442268891A18
:1058B000081A51EA3086AE4217D920464946424678
:1058C000334600F047F880B1054600F07FFC606980
:1058D00040B16069216A002200230026009601F091
:1058E00071FD666100F0CCFC00E00025284601B0A7
:1058F000BDE8F08348F2FB3048F2413248F60473C9
:10590000C0F20020C0F20022C0F2002340F2274182
:10591000FDF77EFE48F2FB3048F2413248F6901324
:10592000C0F20020C0F20022C0F200234FF48561D3
:10593000FDF76EFE48F2FB3048F2413249F2633324
:10594000C0F20020C0F20022C0F2002340F2534116
:10595000FDF75EFE2DE9F04182B004460568007F48
:105960001F4616468846C0070DD001A904222046CE
:105970002B4600F054F801990546B142A7F10407FF
:1059800088BF00210E46BE4256EA378636B1204611
:10599000414632462B4600F042F82060304602B0C5
:1059A000BDE8F08180B582B0C8B1017FC90713D0CE
:1059B000426881680A440368D21A8A4238BF0021CB
:1059C000531A052B06D3036801A9042200F027F817
:1059D000019802E08A4212D1002002B080BD48F254
:1059E000FB3048F63C0248F69013C0F20020C0F2AB
:1059F0000022C0F2002340F29941FDF709FE48F26F
:105A0000FB3048F63C0249F20C03C0F20020C0F221
:105A10000022C0F2002340F2AE41FDF7F9FD2DE96E
:105A2000F04104468068C71A1646974257EA328208
:105A30001D461344834214D88846A0694119404644
:105A400002F0BEFBBE4205D908EB0700A169F21BBC
:105A500002F0B6FBA819A168411A50EA3180BDE8EE
:105A6000F08148F2FB3049F2AB3249F27D03C0F2DB
:105A70000020C0F20022C0F2002340F20361FDF7D3
:105A8000C7FD2DE9F04182B089B3044600283ED01D
:105A90001D46207F6368A7683B4426689B1B00F077
:105AA0000100DF1B53EA3783B3EB800F1AD920467E
:105AB000FFF750FFB0B106461020EFF3118780F3D7
:105AC0001188606958B16069216A002200234FF093
:105AD0000008CDE9008501F039FDC4F8148087F392
:105AE000118800E00026304602B0BDE8F08148F29F
:105AF000FB3048F28F6248F60473C0F20020C0F217
:105B00000022C0F2002340F2C741FDF781FD48F2B8
:105B1000FB3048F28F6248F69013C0F20020C0F2CA
:105B20000022C0F200234FF49961FDF771FD28B106
:105B30000168406888425FEA1F90704780B548F26C
:105B4000FB3048F6451248F69013C0F20020C0F230
:105B50000022C0F2002340F23B51FDF759FDD4D49E
:105B600010B5C8B190F81CC0D0F808E000BF00BF65
:105B70000168036842680468A142F9D103EB0E0092
:105B8000D14308440CF00102704528BFC818B0EB9F
:105B9000820F5FEA8F9010BD48F2FB3049F29732D6
:105BA00048F69013C0F20020C0F20022C0F2002399
:105BB00040F25751FDF72CFD70B582B0C8B10446D4
:105BC0001020EFF3118680F311882069002558B169
:105BD0002069D4F820C000220023CDE9005161469D
:105BE00001F0B4FC2561012586F31188284602B036
:105BF00070BD48F2FB3048F28C5248F69013C0F268
:105C00000020C0F20022C0F2002340F27F51FDF7D5
:105C1000FFFC70B582B0C8B104461020EFF31186C6
:105C200080F311886069002558B16069D4F820C0FC
:105C300000220023CDE90051614601F087FC656137
:105C4000012586F31188284602B070BD48F2FB306A
:105C500049F2415248F69013C0F20020C0F20022EF
:105C6000C0F2002340F2A651FDF7D2FC08B1006A51
:105C7000704780B548F2FB3048F60D7248F6901335
:105C8000C0F20020C0F20022C0F2002340F269619D
:105C9000FDF7BEFC80B538B10269AAB942691ABBEA
:105CA00091BB0021016280BD48F2FB3049F248728D
:105CB00048F69013C0F20020C0F20022C0F2002388
:105CC0004FF4CF61FDF7A4FC48F2FB3049F2487273
:105CD00049F26333C0F20020C0F20022C0F2002378
:105CE00040F27B61FDF794FC48F2FB3049F24872C8
:105CF00048F69F13C0F20020C0F20022C0F2002339
:105D000040F27C61FDF784FC48F2FB3049F24872B6
:105D100048F6F533C0F20020C0F20022C0F20023A2
:105D200040F27F61FDF774FC2DE9F0410446806884
:105D3000C71A1646974257EA32821D4613448342D9
:105D400016D8A0698846284402F03AFABE4208D91B
:105D5000A068F21B82421BD8A06908EB070102F081
:105D60002FFAA819A168411A50EA3180BDE8F081E4
:105D700048F2FB3048F2AC2248F69E23C0F20020E5
:105D8000C0F20022C0F2002340F2D351FDF740FCE4
:105D900048F2FB3048F2AC2249F24663C0F20020E0
:105DA000C0F20022C0F2002340F2DB51FDF730FCCC
:105DB0002DE9F04782B0DDF82CA0BAF1000F00F019
:105DC000E4800C9C002C00F0F08081466020019063
:105DD0000198602840F0F9800E4601986021204625
:105DE000984615460A9F02F0A1F9C4F830A07EB18A
:105DF00004F134000F2100BF16F8012B00F8012B2D
:105E00001AB10029A1F10101F6D1002084F8430064
:105E1000052F80F0EA800AEB8500251D0438E76233
:105E200020F007062846FEF78CF904F11800FEF76B
:105E300088F9C7F10500A061216B30464A46434608
:105E400024616462FCF73EFC2060FCF79CFC40F699
:105E5000A07040F67C7AC2F20020C2F2002A40F61E
:105E600084790168C2F2002901310160DAF800107A
:105E700061B1D9F80000002844D1DAF80000E16AE5
:105E8000C06A884298BFCAF800403BE0CAF80040A8
:105E90000068012836D140F6AC760527C2F200260C
:105EA0003046FEF743F9013F06F11406F8D141F2FE
:105EB0005808C2F200284046FEF738F941F26C0655
:105EC000C2F200263046FEF731F941F22C00C2F250
:105ED0000020FEF72BF940F68870C2F20020FEF792
:105EE00025F941F21400C2F20020FEF71FF941F239
:105EF0004C0041F25001C2F20020C2F20021C0F871
:105F000000800E6040F68070C2F20020016801310E
:105F1000016041F21001E06AC2F200210A68904279
:105F200088BF086000EB800040F6AC71C2F200212F
:105F300001EB80004068A0608268E2605560856087
:105F4000E06A00EB800001EB8002626151F82020E2
:105F5000013241F82020FCF744FCD9F8000080B160
:105F6000DAF80000E16AC06A88420AD24EF60450AC
:105F70004FF08051CEF200000160BFF34F8FBFF3AE
:105F80006F8F204602B0BDE8F08749F22D1049F22C
:105F9000B10248F25143C0F20020C0F20022C0F228
:105FA000002340F2F141FDF733FB49F22D1049F295
:105FB000B10248F63033C0F20020C0F20022C0F235
:105FC000002340F2F241FDF723FB49F22D1049F284
:105FD000B10249F6A603C0F20020C0F20022C0F2CE
:105FE000002340F2FA41FDF713FB49F22D1048F669
:105FF0004B3248F65A13C0F20020C0F20022C0F221
:10600000002340F26471FDF703FBF0B581B0044654
:10601000FCF7B9FB40F67C76C2F2002604B934687E
:10602000251D2846FEF7B9F8A06A18B104F118003A
:10603000FEF7B3F840F6807040F68477C2F2002095
:10604000C2F200270168013101603068396881B10E
:1060500084420ED140F688702946C2F20020FEF735
:1060600073F840F69C70C2F20020016801310160B3
:1060700018E040F6A070C2F200200168013901600A
:1060800041F24C00C2F200200168096819B10068B1
:10609000C068006801E04FF0FF3041F24001C2F2F9
:1060A00000210860FCF79DFB386898B13068844295
:1060B00010D140F6A470C2F20020006860B94EF61C
:1060C00004504FF08051CEF200000160BFF34F8FBB
:1060D000BFF36F8F01B0F0BD49F22D1049F2581295
:1060E00048F20073C0F20020C0F20022C0F2002388
:1060F00040F61411FDF78CFA10B5B8B3002945D05D
:1061000040F6A473C2F200231A6801321A6040F606
:10611000A872C2F2002212681B68012B46D10368E4
:10612000194401609A4206D299424FF000040DD200
:10613000914206D80AE0994203D3914201D8002443
:1061400004E0881A002100F049F8012400F098F8D2
:1061500050B94EF604504FF08051CEF2000001606D
:10616000BFF34F8FBFF36F8F204610BD49F22D1044
:1061700049F2665248F63C73C0F20020C0F2002299
:10618000C0F2002340F62F11FDF742FA49F22D101C
:1061900049F2665248F2C223C0F20020C0F2002247
:1061A000C0F200234FF41361FDF732FA49F22D10CB
:1061B00049F2665248F6B153C0F20020C0F2002204
:1061C000C0F2002340F63811FDF722FA40F6A47021
:1061D000C2F2002001680131016070472DE9F043EF
:1061E00081B040F6A87241F24C03C2F2002240F6A0
:1061F0007C74C2F20023C2F20024156841F25002FE
:10620000C2F20022D3F8008006460F46D2F8009072
:106210002268101DFDF7C1FF701C16D1AFB141F20D
:106220001400C2F20020D0E90012236801319A6004
:1062300093682768FB60276804375F60236804332E
:10624000936022680160506117E02068AD194560D5
:10625000206800F1040105D3484601B0BDE8F043D1
:10626000FDF77EBF4046FDF77BFF41F24000C2F2E2
:10627000002001688D4238BF056001B0BDE8F083A1
:106280002DE9F047FCF77FFA40F6A470C2F2002037
:106290000168002900F0B2800168013901600068DE
:1062A00028B10024FCF79DFA2046BDE8F08740F6AF
:1062B000A070C2F2002000680028F2D041F22C0049
:1062C00041F2280AC2F2002040F67C79C2F2002A8C
:1062D000C2F200290168002967D041F2100E40F691
:1062E000AC730021C2F2002EC2F200234FF0010C69
:1062F000C768FC6804F11802D4E90775A66ABD6096
:10630000E7696F607568954201D1226A7260A16287
:106310003268013A3260261DD4E90225676995602A
:10632000A2686A607A68B24201D1E2687A6061610B
:106330003A68013A3A60E76ADEF80020974207EBD4
:10634000870288BFCEF8007003EB82025268A26019
:106350009568E5606E609660E26A02EB820203EB8C
:106360008205656153F82250013543F82250E26AF4
:10637000D9F80040E46AA24288BFCAF800C00268A7
:106380000AB12FF04BC841F24C00C2F20020016864
:10639000096819B10068C068006801E04FF0FF307B
:1063A00041F24001C2F20021086041F24808C2F205
:1063B0000028D8F800606EB1012400BF00BF00BF04
:1063C00000F036FB08B1CAF80040013EF8D10020C9
:1063D000C8F80000DAF8000000283FF462AFD9F8EE
:1063E00000004EF60450CEF200004FF08051012420
:1063F0000160BFF34F8FBFF36F8F53E749F22D104A
:1064000048F6D22249F24243C0F20020C0F20022F4
:10641000C0F2002340F68B71FDF7FAF880B580B129
:1064200040F6A471C2F200210A6801320A600968CC
:10643000012912D10021FFF7D1FEFFF721FF00B1A2
:1064400080BD4EF604504FF08051CEF20000016046
:10645000BFF34F8FBFF36F8F80BD49F22D1049F20C
:106460002F3248F6B153C0F20020C0F20022C0F231
:10647000002340F68E11FDF7CBF810B50446FCF76B
:1064800082F924B940F67C70C2F200200468E46A04
:10649000FCF7A7F9204610BD10B50446FCF707FA33
:1064A000EFF31181102080F3118824B940F67C703D
:1064B000C2F200200468E06A81F3118810BDF0B5D3
:1064C00081B0052965D20D460446FCF75CF924B974
:1064D00040F67C70C2F200200468E06AA84253D003
:1064E00040F67C718542C2F200210A6807D99442C5
:1064F00009D00968C96A8D425FEA8F9604E0944228
:106500005FEA0F9600E00126A169E562002902D446
:10651000C5F10501A16100EB800040F6AC77C2F245
:106520000027616907EB8000814221D1251D2846A3
:10653000FDF733FE41F21001E06AC2F200210A6861
:10654000904288BF086000EB800007EB8000406845
:10655000A0608168E1604D608560E06A00EB8000CA
:1065600007EB8001616157F82010013147F82010D6
:1065700056B94EF604504FF08051CEF20000016043
:10658000BFF34F8FBFF36F8F01B0BDE8F040FCF752
:1065900028B949F22D1048F22E4249F25023C0F298
:1065A0000020C0F20022C0F2002340F6DA21FDF7FD
:1065B0002FF8F0B581B00446FCF7E5F840F67C779B
:1065C000C2F2002704B93C68261D3046FDF7E5FD00
:1065D000A06A18B104F11800FDF7DFFD41F21405BF
:1065E0003146C2F200252846FDF7AEFD94F85C0066
:1065F000012802D1002084F85C00FCF7F2F840F694
:106600008476C2F200263068A8B1FCF7BCF841F2EB
:106610004C00C2F200200168096819B10068C06826
:10662000006801E04FF0FF3041F24001C2F200216A
:106630000860FCF7D6F8386884421DD1306888B10C
:1066400040F6A470C2F200200068E0B94EF6045093
:106650004FF08051CEF200000160BFF34F8FBFF3C7
:106660006F8F09E040F6A0702968C2F20020006830
:10667000814203D10020386001B0F0BD01B0BDE817
:10668000F04000F011B849F22D1049F2F95248F2E9
:106690000073C0F20020C0F20022C0F2002340F6D6
:1066A000A841FCF7B5FFD4D480B540F6A470C2F27F
:1066B0000020006830B141F228000121C2F2002020
:1066C000016080BD41F2280041F2100CC2F20020AE
:1066D000C2F2002C002140F6AC730160C2F200232C
:1066E000DCF8001001EB810253F8220003EB820278
:1066F00048B900BF00BF00BFC1B152F8140D013945
:1067000008B92FF007C8506802F1080E43685360BB
:10671000734501D1D368536040F67C72D868C2F2E9
:1067200000221060CCF80010106880BD49F22D10D6
:1067300048F2CC3249F28973C0F20020C0F2002244
:10674000C0F2002341F2FA31FCF762FF70B5002875
:1067500051D040F67C760446C2F20026306884426E
:1067600008BF70BDFCF70FF841F214016069C2F276
:10677000002188423BD1A06AC8BB94F85C00012884
:1067800035D0251D2846FDF708FD41F21001E06ACD
:10679000C2F200210A68904288BF086000EB8000C6
:1067A00040F6AC71C2F2002101EB80004068A060AD
:1067B0008268E26055608560E06A00EB800001EB72
:1067C0008002626151F82020013241F820203068B7
:1067D000E16AC06A88420AD24EF604504FF08051F6
:1067E000CEF200000160BFF34F8FBFF36F8FBDE8A3
:1067F0007040FBF7F6BF49F22D1049F2E42248F64B
:10680000CC53C0F20020C0F20022C0F200234FF4AB
:106810005261FCF7FDFEF0B581B0002860D004465F
:10682000FCF745F841F214011020EFF3118780F3D3
:106830001188C2F200216069884213D1A06A88B928
:1068400094F85C0001280DD040F6A470C2F200203C
:10685000006868B141F22C0004F11801C2F2002076
:10686000FDF772FC002587F31188284601B0F0BDC2
:1068700040F67C70E16AC2F200200068C06A814282
:1068800006D941F228000125C2F20020056000E08F
:106890000025261D3046FDF780FC41F21001E06A1C
:1068A000C2F200210A68904288BF086000EB8000B5
:1068B00040F6AC71C2F2002101EB80004068A0609C
:1068C0008268E26056608660E06A00EB800001EB5F
:1068D0008002626151F82020013241F82020C2E795
:1068E00049F22D1049F2767248F6CC53C0F20020DE
:1068F000C0F20022C0F2002340F65E51FCF788FE91
:10690000B0B58AB044F2494004A9C4F24C50069094
:1069100005A803AA00248DF81C40CDE90444FBF728
:1069200009FEDDE90320019047F6891006A9C0F2AF
:1069300000200023059D00940295FFF739FA41F2EB
:106940004400C2F20020056001F038F8012811D09F
:10695000013025D149F22D1049F22E4248F67A63D2
:10696000C0F20020C0F20022C0F2002340F6A9616C
:10697000FCF74EFE41F240010120C2F2002180F3FB
:1069800010884FF0FF320A6040F6847140F6A8721A
:10699000C2F20021C2F2002208601460FBF7B0FED0
:1069A00049F6CC30C0F2002000680AB0B0BD80B516
:1069B00001F01EFAFFF729FB41F24400C2F2002069
:1069C0000068FFF722FB00F00FF8012080F3108829
:1069D00040F684700021C2F200200160BDE88040D2
:1069E000FBF7CFBED4D4D4D470B540F69C74C2F2B9
:1069F00000242068D8B140F6887540F6A076C2F22F
:106A00000025C2F2002600BFFBF7BDFEE868C068A3
:106A10000430FDF7C2FB306801383060206801386F
:106A20002060FBF7DEFE206808B12FF013C870BDB0
:106A30002DE9F04F81B040F6A470C2F2002000684A
:106A400040B141F24800C2F200200168013101600A
:106A50000020B6E040F6A87041F2400CC2F20020DF
:106A6000C2F2002C016811F1010BC0F800B022D372
:106A700041F24C00C2F2002001680968002940F090
:106A8000A38041F250030168C2F200231F6807602F
:106A9000196041F25401C2F200210B6801330B600E
:106AA0000168096819B10068C068006801E04FF02A
:106AB000FF30CCF80000DCF80000834501D2002054
:106AC00077E041F24C0A4FF00009C2F2002ADAF8EE
:106AD00000000068002867D041F2100E40F6AC7448
:106AE00040F67C78C2F2002EC2F20024C2F20028E6
:106AF000002000BF00BF00BFDAF80050ED68EE686C
:106B0000374657F8045FAB4551D3D6E90213756990
:106B10008B60B16859606968B94201D1F1686960F8
:106B2000C6F81490296801392960B56A85B1D6E99B
:106B3000071306F118028B60F16959606968914288
:106B400001D1316A6960C6F8289029680139296045
:106B5000F56ADEF800108D4205EB850188BFCEF89E
:106B6000005004EB81014968B1608A68F2605760A7
:106B70008F60F16A01EB810104EB8102726154F8CC
:106B80002120013244F82120F16AD8F80020D26A8D
:106B9000DAF80030914288BF0120196809B12FF05E
:106BA00055C84FF0FF3502E04FF0FF350020CCF81C
:106BB000005041F22801C2F200210968002918BFE3
:106BC000012001B0BDE8F08F49F22D1048F64F7258
:106BD00048F25633C0F20020C0F20022C0F2002377
:106BE00041F25F21FCF714FD40F6A870C2F20020CC
:106BF0000068704780B5FBF75AFE40F6A870C2F2F5
:106C00000020006880BD40F6A070C2F2002000683D
:106C1000704728B940F67C70C2F20020006808B1C5
:106C20003430704780B549F22D1049F27B6249F249
:106C30006413C0F20020C0F20022C0F2002341F22F
:106C40005501FCF7E5FC80B571B1EAB1034620B906
:106C500040F67C70C2F2002003680120D3F830C0F7
:106C6000C1F800C0136080BD49F22D1048F66002E3
:106C700049F2F023C0F20020C0F20022C0F200234B
:106C800041F2F401FCF7C4FC49F22D1048F6600211
:106C900048F6DA53C0F20020C0F20022C0F200230E
:106CA00041F2F501FCF7B4FC10B540F6A471C2F254
:106CB00000210A6892B90446086801300860FBF7B1
:106CC00062FD41F24800C2F20020016821440160E7
:106CD000FBF787FDBDE81040FFF7D2BA49F22D104F
:106CE00048F23F4248F27A73C0F20020C0F200221C
:106CF000C0F2002341F2CA11FCF78AFC10B570B152
:106D00000C4640F67C71C2F2002109681831FDF78B
:106D100027FA01212046BDE81040FFF75FBA49F28B
:106D20002D1049F2C23248F6F653C0F20020C0F2EC
:106D30000022C0F200234FF4A451FCF769FC80B597
:106D400070B340F6A473C2F200231B68C3B340F6CD
:106D50007C7E41F00041C2F2002EDEF800C0CCF88B
:106D600018104168DEF80030D961D1F808C0DEF8AB
:106D70000030C3F820C0DEF800301833CCF80430FF
:106D8000DEF8003018338B60DEF8001088620121D5
:106D90000368013303601046BDE88040FFF71EBA68
:106DA00049F22D1048F2AE5248F6F653C0F20020D8
:106DB000C0F20022C0F2002341F29E41FCF728FC01
:106DC00049F22D1048F2AE5249F28963C0F2002018
:106DD000C0F20022C0F2002341F2A241FCF718FCED
:106DE00010B548B340F67C7CD0F804E0C2F2002C29
:106DF000002ADCF80030C3F81CE0DEF80830DCF8CC
:106E000000402362DCF8004004F118045C60DCF808
:106E1000003003F11803CEF80830DCF80030986237
:106E200018BF4FF0FF310368013303600846114675
:106E3000BDE81040FFF7D2B949F22D1048F6E12223
:106E400048F6F653C0F20020C0F20022C0F2002340
:106E500041F2BE41FCF7DCFB80B5C068C068002889
:106E600072D0D0E9073100F1180C826A9960C369C9
:106E70004B605168614501D1016A51600021816216
:106E800011680139116040F6A471C2F2002109684D
:106E900091B141F22C0EC2F2002EDEE90023C36153
:106EA00099680162C1F804C0C3F808C0C0F828E0BE
:106EB000511CCEF8001035E0D0E9023100F1040C8D
:106EC0004269996083684B605168614501D1C1682E
:106ED00051600021416141F210031168C2F20023A8
:106EE00001391160C26A19688A4288BF1A6002EBD0
:106EF000820140F6AC72C2F2002202EB81014968C5
:106F000081608B68C360C3F804C0C1F808C0C16A5F
:106F100001EB810102EB8103436152F8213001331F
:106F200042F8213040F67C71C06AC2F20021096843
:106F3000C96A884206D941F228010120C2F2002123
:106F4000086080BD002080BD49F22D1048F6013256
:106F500048F2A573C0F20020C0F20022C0F2002364
:106F600041F2F541FCF754FB80B540F6A472C2F241
:106F700000221268002A60D0C26841F00041002A55
:106F800001606AD0D0E901CE0369CCF808E041681D
:106F9000CEF804105968814201D1816859604FF0E0
:106FA000000CC0F810C0186802F1040E0138186017
:106FB000D2E9021053698860916841605868704551
:106FC00001D1D0685860C2F814C018680138186040
:106FD00041F21003D16AC2F200231868814288BFCF
:106FE000196001EB810040F6AC71C2F2002101EBA7
:106FF0008000406890608368D360C3F804E0C0F804
:1070000008E0D06A00EB800001EB8003536151F887
:107010002030013341F8203040F67C70D16AC2F252
:1070200000200068C06A814298BF80BD41F22800FC
:107030000121C2F20020016080BD49F22D1048F606
:10704000760249F28963C0F20020C0F20022C0F249
:10705000002341F24351FCF7DBFA49F22D1048F6C8
:10706000760248F2A573C0F20020C0F20022C0F2FE
:10707000002341F24E51FCF7CBFA10B590B1044613
:10708000FBF781FB41F25400C2F20020006820604F
:1070900040F6A870C2F2002000686060BDE81040B1
:1070A000FBF79FBB49F22D1048F6ED4248F69803D6
:1070B000C0F20020C0F20022C0F2002341F286514B
:1070C000FCF7A6FA41F25401C2F2002109680160FE
:1070D00040F6A871C2F2002109684160704770B59E
:1070E00068B30D46D9B30446FBF74DFB40F6A87EC6
:1070F000C2F2002EDEF8003029684A1C16D041F298
:10710000540CD4E90002C2F2002CDCF80060864284
:1071100001D093420CD29A1A914209D9881A286058
:10712000DCF800002060DEF800006060002402E06F
:10713000012400202860FBF754FB204670BD49F273
:107140002D1049F2642248F69803C0F20020C0F2E4
:107150000022C0F2002341F2A551FCF759FA49F28E
:107160002D1049F2642248F60F43C0F20020C0F20D
:107170000022C0F2002341F2A651FCF749FA41F285
:1071800028000121C2F2002001607047042988BF55
:10719000704728B940F67C70C2F20020006818B130
:1071A00000EB81004264704780B549F22D1049F22E
:1071B000977249F22103C0F20020C0F20022C0F20F
:1071C000002341F23F71FCF723FA042909D820B9C2
:1071D00040F67C70C2F20020006800EB8100406C39
:1071E00070470020704740F67C70C2F200200068B3
:1071F000704708B10020704740F67C70C2F2002052
:107200000068704740F68470C2F20020006850B1F8
:1072100040F6A470C2F20020006800284FF0000081
:1072200008BF022070470120704740F67C71C2F20F
:107230000021086880690A68D26A0968C2F10502FB
:107240008A61704770B5002844D140F6A4700C469E
:10725000C2F200201546016801310160FBF793FA84
:1072600040F67C76C2F200263068806DB0B1FBF744
:10727000B8FAFFF705F8FBF786FA3068856D2DB18F
:1072800030680021002C08BF691E8165306800212C
:1072900080F85C10FBF7A5FA284670BD3068012124
:1072A00080F85C10FBF79DFA002DE2D00121284602
:1072B000FEF794FFFEF7E4FF0028DCD14EF6045001
:1072C0004FF08051CEF200000160BFF34F8FBFF34B
:1072D0006F8FD0E749F22D1049F68E0248F6A203CF
:1072E000C0F20020C0F20022C0F2002341F6C751D4
:1072F000FCF78EF9F0B581B0002853D140F6A470A8
:107300000E46C2F200201D4614460168013101609C
:10731000FBF739FA40F67C77C2F20027386890F81C
:107320005C00022802D1FBF75CFA1EE03868816D30
:10733000B14381653868069E012180F85C10FBF737
:1073400050FA96B101213046FEF748FFFEF798FF4C
:1073500068B94EF604504FF08051CEF20000016043
:10736000BFF34F8FBFF36F8F01E0FEF789FFFBF78D
:107370000AFA15B13868806D28603868002590F8E1
:107380005C0002284FF0000004D1396801258A6DA5
:10739000A2438A65396881F85C00FBF722FA284627
:1073A00001B0F0BD49F22D1048F6025248F6A20392
:1073B000C0F20020C0F20022C0F2002341F62F618B
:1073C000FCF726F9F0B581B0002940F07F80044633
:1073D000002800F08B801E461546069FFBF7D3F968
:1073E0000FB1A06D386094F85C00042E4FF00201DC
:1073F00084F85C1011D8DFE806F018030C0A0600C8
:10740000A16D294307E0022801D1002459E0A565B8
:107410000BE0A16D0131A16507E040F6A871C2F251
:1074200000210968002940F08180012848D1D4E971
:107430000223201D61699360A2685A604A688242F3
:1074400001D1E2684A60002262610A68013A0A607A
:1074500041F21002E16AC2F200221368994288BF29
:10746000116001EB810140F6AC72C2F2002202EB26
:1074700081014968A1608B68E36058608860E06AB8
:1074800000EB800002EB8001616152F820100131B5
:1074900042F82010A06AC8BB40F67C70C2F20020FF
:1074A0000068E16AC06A88420AD24EF604504FF082
:1074B0008051CEF200000160BFF34F8FBFF36F8F9A
:1074C0000124FBF78EF9204601B0F0BD49F22D10E2
:1074D00049F2B97248F61A33C0F20020C0F2002215
:1074E000C0F2002341F6A461FCF792F849F22D1096
:1074F00049F2B97248F66273C0F20020C0F200226D
:10750000C0F2002341F6A561FCF782F849F22D1084
:1075100049F2B97249F2B463C0F20020C0F200220D
:10752000C0F2002341F6E961FCF772F849F22D1030
:1075300049F2B97249F26A13C0F20020C0F2002287
:10754000C0F2002341F6DA61FCF762F8F0B581B0D1
:10755000002800F09C80002940F0A98004461E46C7
:107560001546069FFBF7A3F9EFF31181102080F376
:1075700011880FB1A06D386094F85C00042E4FF0B4
:10758000020284F85C2011D8DFE806F018030C0A28
:107590000600A26D2A4307E0022801D1002072E014
:1075A000A5650BE0A26D0132A26507E040F6A87266
:1075B000C2F200221268002A40F09980012861D1AD
:1075C000A06A002840F0838040F6A470C2F2002038
:1075D000006880B141F22C0004F11806C2F20020CC
:1075E000D0E90023E361013202609F6827627E6078
:1075F0009E60A06232E0D4E90237201D62699F607C
:10760000A3687B605368834201D1E3685360002321
:1076100063611368013B136041F21003E26AC2F236
:1076200000231F68BA4288BF1A6002EB820240F64C
:10763000AC73C2F2002303EB82025268A260976827
:10764000E76078609060E06A00EB800003EB800206
:10765000626153F82020013243F8202040F67C700C
:10766000E26AC2F200200068C06A82420AD9079822
:1076700008B10122026041F228020120C2F2002278
:10768000106000E0012081F3118801B0F0BD49F2E3
:107690002D1049F2D83248F66273C0F20020C0F2D1
:1076A0000022C0F2002341F61E71FBF7B1FF49F240
:1076B0002D1049F2D83248F61A33C0F20020C0F239
:1076C0000022C0F2002341F61F71FBF7A1FF49F22F
:1076D0002D1049F2D83249F2B463C0F20020C0F252
:1076E0000022C0F2002341F67471FBF791FF49F2CA
:1076F0002D1049F2D83249F26A13C0F20020C0F2CC
:107700000022C0F2002341F66971FBF781FFF0B55A
:1077100081B0002800F07E80002940F08B80054673
:107720001746FBF7C4F81021EFF3118081F311889D
:10773000022295F85C1085F85C20AA6D012902F1FF
:107740000101A96562D1A96A002940F0838040F651
:10775000A471C2F20021096881B141F22C0105F146
:107760001806C2F20021D1E90023EB6101320A6060
:107770009C682C6266609E60A96235E0D5E90231A2
:1077800005F1040C6A699960AB684B60516861450A
:1077900001D1E96851600021696141F2100311686B
:1077A000C2F2002301391160EA6A19688A4288BF6F
:1077B0001A6002EB820140F6AC72C2F2002202EBC8
:1077C00081014968A9608B68EB60C3F804C0C1F807
:1077D00008C0E96A01EB810102EB81036B6152F899
:1077E0002130013342F8213040F67C71EA6AC2F25E
:1077F00000210968C96A8A4208D90FB1012139609C
:1078000041F228010122C2F200210A6080F31188AE
:1078100001B0F0BD49F22D1048F6026248F66273DD
:10782000C0F20020C0F20022C0F200234FF4FE514B
:10783000FBF7EEFE49F22D1048F6026248F61A33C5
:10784000C0F20020C0F20022C0F2002341F6C17154
:10785000FBF7DEFE49F22D1048F6026249F2B463EE
:10786000C0F20020C0F20022C0F2002341F6EA710B
:10787000FBF7CEFEB0B5A1B9044620B940F67C7046
:10788000C2F200200468FAF77EFF94F85C0000253D
:10789000022802D184F85C500125FAF7A2FF28469D
:1078A000B0BD49F22D1048F21A7248F2DA23C0F244
:1078B0000020C0F20022C0F2002342F23201FBF7A6
:1078C000A7FE70B589B91446054620B940F67C700C
:1078D000C2F200200568FAF756FFAE6DA86DA0430E
:1078E000A865FAF77EFF304670BD49F22D1048F6C4
:1078F000D01248F2DA23C0F20020C0F20022C0F217
:10790000002342F25901FBF783FE40F67C7140F6FA
:107910009C72C2F20021C2F20022002008601060B6
:1079200040F6A07140F6A872C2F20021C2F2002215
:107930000860106041F2100140F68472C2F200212A
:10794000C2F200220860106041F2480141F22802B0
:10795000C2F20021C2F200220860106041F254011C
:1079600040F68072C2F20021C2F20022086010606C
:1079700041F2400140F6A472C2F20021C2F200229C
:10798000086010607047D4D440F6AC744EF60455CD
:10799000C2F20024CEF200054FF0805600BF00BFB7
:1079A000FFF722F82068022804D32E60BFF34F8F20
:1079B000BFF36F8FFAF76FFFF2E7D4D480B586B0CC
:1079C00000F03AF841F28000C2F20020006818B3DB
:1079D0000020CDE9040005A804A903AAFAF7B8FD20
:1079E0000DF10C0E0320009047F6B92049F2066114
:1079F000C0F200209EE80450C0F200210023CDE92F
:107A000001CEFEF7D5F941F28401C2F200210860EF
:107A100010B1012006B080BD48F26E4049F2F2621A
:107A200048F61D43C0F20020C0F20022C0F200233D
:107A30004FF4A371FBF7ECFD70B582B0FAF7A3FE2B
:107A400041F28006C2F20026306868BB41F294041D
:107A5000C2F200242046FCF769FB41F2A805C2F2FD
:107A600000252846FCF762FB41F2880041F28C01B8
:107A7000C2F20020C2F2002141F2041241F2BC0322
:107A800004600D60C2F20022C2F200230A200C2121
:107A900000250095FCF7F1FB306028B148F2CD518C
:107AA000C0F20021FDF708FB02B0BDE87040FAF714
:107AB00098BED4D4D4D4D4D484B041F2880841F24E
:107AC0008005C2F2002801ACC2F200254FF0000B85
:107AD000EA4600BF00BF00BFD8F80000D0F8009011
:107AE000B9F1000F04D0C068066802E000BF00BF13
:107AF0000026FEF76BFB204600F08AFA019919B1C7
:107B0000FEF7BEFB30E000BF0746B9F1000F08D01A
:107B1000BE4206D8FEF7B4FB3046394600F0A5FA5F
:107B200022E0B9F1000F01D0002208E041F28C0000
:107B3000C2F200200068006800285FEA1F922868EF
:107B4000F11BFDF713FBFEF79BFB68B94EF60450E3
:107B50004FF08051CEF200000160BFF34F8FBFF3B2
:107B60006F8F00BF00BF00BFCDF80CB0CDE901BBE7
:107B7000286800222146FCF777FE08B92FF055C08F
:107B800001980028F4D4039E706910B1301DFCF7F1
:107B900004FB504600F03CFA019901390829E7D866
:107BA0000746DFE801F005051E251E05051E250018
:107BB00096F82400029BB1693A4640F0010086F82D
:107BC00024001944304600F08AFA08B92FF031C079
:107BD00096F8240041071BD400F0FA0086F8240030
:107BE0001DE096F8240000F0FE0086F82400BFE7B0
:107BF00096F824100298B06141F0010186F8241033
:107C000088B1C11930463A463B4600F068FAAFE702
:107C10000298B169014430463A4600F049FA316AA7
:107C200030468847A4E748F26E4049F2765249F65A
:107C3000BF03C0F20020C0F20022C0F200234FF4C4
:107C40008261FBF7E5FC2DE9F04381B0282700971E
:107C5000009F282F24D1099C0546009884B30F4625
:107C60004FF0020084F82400D1B31E469046DDF8A0
:107C70002090FFF7E1FE201D2560C4E90676C4F8D8
:107C80002090FCF75EFAB8F1000F05D094F82400BC
:107C900040F0040084F82400204601B0BDE8F083E1
:107CA00048F26E4048F68C6248F62063C0F200202D
:107CB000C0F20022C0F2002340F28311FBF7A8FCBF
:107CC00048F26E4048F68C6248F63B63C0F20020F2
:107CD000C0F20022C0F2002340F28911FBF798FCA9
:107CE00048F26E4048F69F6248F21B53C0F20020F3
:107CF000C0F20022C0F2002340F2A911FBF788FC79
:107D0000B0B584B0D8B141F28004C2F20024236837
:107D100093B106290191CDE9022020DA089DFFF7F1
:107D200071FA02284FF0000055EA0082206801A98C
:107D30000023FCF739FB00E0002004B0B0BD48F29E
:107D40006E4048F29A4248F2B473C0F20020C0F28A
:107D50000022C0F2002340F2CD11FBF759FC48F29B
:107D60006E4048F29A4248F2B743C0F20020C0F297
:107D70000022C0F200234FF4EC71FBF749FC80B500
:107D800084B0A8B1864641F28000C2F200200068AB
:107D900058B105290191CDE9022E19DD9C4601A9B2
:107DA00000236246FCF74FFC00E0002004B080BDD9
:107DB00048F26E4048F6707248F2B473C0F2002088
:107DC000C0F20022C0F200234FF40071FBF720FC48
:107DD00048F26E4048F6707248F6B803C0F20020D0
:107DE000C0F20022C0F2002340F20B21FBF710FC8E
:107DF00041F28400C2F20020006800B1704780B5F3
:107E000048F26E4048F2D94248F2F843C0F20020EE
:107E1000C0F20022C0F2002340F22521FBF7F8FB5C
:107E200008B18069704780B548F26E4049F2F2327D
:107E300048F2B473C0F20020C0F20022C0F2002366
:107E400040F23321FBF7E4FBB0B580B104460D46A8
:107E5000FAF799FC94F82400002D00F0FB0018BFFD
:107E6000043084F82400BDE8B040FAF7BABC48F208
:107E70006E4049F2792248F2B473C0F20020C0F299
:107E80000022C0F2002340F24221FBF7C1FB10B5F3
:107E900050B10446FAF777FC94F82400C0F380044C
:107EA000FAF79FFC204610BD48F26E4049F6F502F5
:107EB00048F2B473C0F20020C0F20022C0F20023E6
:107EC00040F25B21FBF7A4FBFFF7E1BF08B140687C
:107ED000704780B548F26E4048F68B5248F2B47352
:107EE000C0F20020C0F20022C0F2002340F285213F
:107EF000FBF78EFB41B190F82420920701D40020BB
:107F0000704708600120704780B548F26E4048F223
:107F1000377249F2CC73C0F20020C0F20022C0F2E6
:107F2000002340F29721FBF773FB08B1006870470C
:107F300080B548F26E4049F28D4248F2B473C0F207
:107F40000020C0F20022C0F2002340F2B321FBF770
:107F50005FFB10B550B10446FAF715FC94F8240005
:107F600000F00104FAF73DFC204610BD48F26E40D7
:107F700048F2AB6248F2B473C0F20020C0F20022B3
:107F8000C0F2002340F29141FBF742FB10B538B13B
:107F90000446FAF7F8FBE469FAF723FC204610BD23
:107FA00048F26E4049F2350248F2B473C0F2002044
:107FB000C0F20022C0F2002340F2AE41FBF728FBE2
:107FC000B0B540B104460D46FAF7DDFBE561BDE80A
:107FD000B040FAF706BC48F26E4048F2EF2248F291
:107FE000B473C0F20020C0F20022C0F2002340F2BD
:107FF000C341FBF70DFB41F2800041F28402C2F263
:108000000020C2F200220021016011607047D4D428
:10801000F0B581B00446FEF7E7FD41F29006054653
:10802000C2F200263168884210D241F28807C2F2BB
:10803000002700BF00BF00BF3868016841B1C068B9
:108040004FF0FF31006800F010F8F5E7002007E07E
:1080500041F28C01C2F200210A68086001203A60F6
:1080600020603560284601B0F0BD70B541F288024D
:108070000646C2F200220D461268D268D468201D5E
:10808000FCF78BF894F82400410704D400F0FA00C0
:1080900084F8240004E0204631462A4600F008F81F
:1080A000216A2046BDE870400847D4D4D4D4D4D443
:1080B00070B50446806915460E460144204600BF4F
:1080C000334600F00CF848B1A069216A0644204606
:1080D0008847A0692A4681192046F1E770BD8C4681
:1080E00001469445006141F804CF08D941F2880067
:1080F0009A42C2F200200AD29C4508D30DE0806962
:10810000D21A824209D241F28C00C2F2002080B51C
:108110000068FCF725F8002080BD01207047D4D40A
:108120000B4611461A4600F055B8D4D40A46002131
:1081300000F050B8FEE77047D4D4D4D4D4D4D4D40B
:10814000D4D4D4D4D4D4D4D4D4D4D4D4D4D4D4D4EF
:10815000D4D4D4D4D4D4D4D4D4D4D4D4D4D4D4D4DF
:10816000D4D4D4D4D4D4D4D4D4D4D4D4D4D4D4D4CF
:10817000D4D4D4D4D4D4D4D4D4D4D4D4D4D4D4D4BF
:1081800020040022810000023781000235810002B4
:1081900035810002358100023581000200000000B7
:1081A0000000000000000000000000003781000215
:1081B0003781000200000000378100023781000291
:1081C00010B5002322B1CC5C013AC4540133F9E765
:1081D00010BDD4D403461AB103F8011B013AFAE7E3
:1081E0007047D4D4D4D4D4D4D4D4D4D4D4D4D4D440
:1081F00001480068704700007C1100220249401AC3
:1082000002490860704700BF080000007C1100228E
:10821000034613F8012B002AFBD1181A01387047C6
:10822000B0B5044C044DAC4202D001CC8047FAE713
:10823000B0BD00BF000000000000000010B50549FF
:108240000446054AFFF7BCFF044805492044FFF7F0
:108250006DFF10BD4500000200000000000000009E
:10826000040000007578437269746963616C4E653F
:108270007374696E670028206352784C6F636B20BB
:108280002920213D2028202820696E74385F742021
:108290002920313237202900765175657565416492
:1082A00064546F526567697374727900707276579F
:1082B000726974654279746573546F427566666558
:1082C000720028207854696D65496E6372656D652A
:1082D0006E74203E2030552029007578496E646503
:1082E00078546F436C656172203C202831290076F8
:1082F00054696D657253657454696D6572494400C3
:108300006261642070776D002E2E2F72612F66736C
:10831000702F7372632F726D5F6672656572746F12
:10832000735F706F72742F706F72742E630076506B
:108330006F7274456E746572437269746963616CBF
:10834000007853747265616D427566666572526538
:108350006365697665002820282028202820707809
:1083600044656C617965645461736B4C6973742006
:10837000292D3E75784E756D6265724F664974653C
:108380006D73203D3D2028205542617365547970FE
:10839000655F74202920302029203F2028202820B4
:1083A00042617365547970655F74202920312029FA
:1083B000203A202820282042617365547970655F37
:1083C0007420292030202920292029007654617327
:1083D0006B537769746368436F6E74657874006279
:1083E00061642063616E007070784576656E7447D5
:1083F000726F7570427566666572002E2E2F7261FF
:108400002F6177732F4672656552544F532F467212
:10841000656552544F532F536F757263652F737494
:108420007265616D5F6275666665722E6300765473
:1084300061736B5072696F726974795365740078F7
:108440005461736B436174636855705469636B73F3
:1084500000707578537461636B427566666572204F
:10846000213D202828766F69642A293029002E2E84
:108470002F72612F6177732F4672656552544F5387
:108480002F4672656552544F532F536F7572636553
:108490002F74696D6572732E63007854696D65720F
:1084A00047656E65726963436F6D6D616E64467298
:1084B0006F6D5461736B0078436F6D6D616E6449CD
:1084C00044203C202820282042617365547970653F
:1084D0005F74202920362029007854696D65724721
:1084E000657454696D65724461656D6F6E54617336
:1084F0006B48616E646C650028207854696D657204
:108500005461736B48616E646C6520213D2028289E
:10851000766F69642A293029202900282078546937
:108520006D6572506572696F64496E5469636B73EF
:10853000203E203020290030313233343536373870
:10854000394142434445460075635356434E756D69
:10855000626572203C3D2033007853747265616D12
:10856000427566666572526573657446726F6D49D1
:108570005352007853747265616D42756666657218
:1085800053656E6446726F6D49535200785374722E
:1085900065616D42756666657253656E64436F6DA5
:1085A000706C6574656446726F6D49535200765401
:1085B00061736B506C6163654F6E556E6F7264656D
:1085C0007265644576656E744C69737400546D729F
:1085D00051002128202820785461736B476574531B
:1085E00063686564756C65725374617465282920CD
:1085F0003D3D202820282042617365547970655FD5
:10860000742029203020292029202626202820787F
:108610005469636B73546F5761697420213D203036
:108620002029202900784576656E7447726F757031
:108630005365744269747300785175657565476553
:108640006E6572696353656E640078517565756512
:1086500047656E6572696353656E6446726F6D49F6
:108660005352007851756575654769766546726F36
:108670006D4953520078517565756549735175653B
:108680007565456D70747946726F6D495352007807
:1086900053747265616D4275666665725265636595
:1086A00069766546726F6D495352007854696D65FD
:1086B00072497354696D6572416374697665005FD0
:1086C0005F4E5649435F4765745072696F726974B3
:1086D0007947726F7570696E672829203C3D2028A4
:1086E00038202D203429202D2031007078537461DA
:1086F00074696353747265616D4275666665720074
:1087000075785363686564756C65725375737065CD
:108710006E646564203D3D203000785461736B4782
:10872000656E657269634E6F7469667953746174BE
:1087300065436C656172007854696D657247657454
:1087400053746174696342756666657200282070AF
:108750007851756575652029007853747265616D6F
:1087600042756666657247656E65726963437265D8
:1087700061746553746174696300757853636865E7
:1087800064756C657253757370656E646564203DC5
:108790003D2028205542617365547970655F7420CF
:1087A00029203055007078556E626C6F636B65647C
:1087B000544342007854696D657200626164206FB1
:1087C0007574707574730070785374617469635153
:1087D00075657565007848616E646C6500212820B8
:1087E000282078436F7079506F736974696F6E20B9
:1087F0003D3D202820282042617365547970655FD3
:108800007420292032202920292026262028207083
:108810007851756575652D3E75784C656E67746821
:1088200020213D2031202920290078537472656170
:108830006D42756666657253656E64007853747236
:1088400065616D4275666665724E6578744D6573D7
:10885000736167654C656E6774684279746573000F
:10886000785461736B4765745374617469634275BE
:10887000666665727300765461736B52656D6F76D0
:108880006546726F6D556E6F72646572656445768C
:10889000656E744C69737400707854696D654F75BA
:1088A00074007578496E646578546F576169744FC8
:1088B0006E203C202831290078436F6D6D616E6415
:1088C0004944203E3D202820282042617365547988
:1088D00070655F7420292036202900282075784291
:1088E000697473546F57616974466F72202620282B
:1088F00020282075696E7433325F74202920307807
:1089000066663030303030305520292029203D3DFA
:10891000203000757842697473546F5761697446EA
:108920006F7220213D2030007853747265616D4272
:108930007566666572536574547269676765724CD3
:108940006576656C007853747265616D4275666614
:1089500065724973456D7074790075785072696FEE
:1089600072697479203C20283529005241385031F1
:10897000207265736F75726365732075700D0A00E0
:10898000784576656E7447726F757053796E6300C3
:10899000707853747265616D4275666665720070B9
:1089A0007853747265616D4275666665722D3E78A6
:1089B0005461736B57616974696E67546F53656E68
:1089C00064203D3D202828766F69642A29302900DB
:1089D000756C5461736B47656E657269634E6F7435
:1089E00069667956616C7565436C65617200282013
:1089F000757842697473546F53657420262028205B
:108A0000282075696E7433325F74202920307866AF
:108A1000663030303030305520292029203D3D202F
:108A2000300070785461736B7357616974696E6755
:108A3000466F72426974732D3E784C697374456E4B
:108A4000642E70784E65787420213D202820636F55
:108A50006E7374204C6973744974656D5F74202A59
:108A600020292026282070785461736B7357616920
:108A700074696E67466F72426974732D3E784C69F3
:108A80007374456E64202900707078537461746942
:108A90006353747265616D42756666657200282065
:108AA0007848656164202B207846697273744C6540
:108AB0006E6774682029203C3D207078537472657D
:108AC000616D4275666665722D3E784C656E6774A1
:108AD0006800785461736B526573756D65416C6C99
:108AE00000765461736B506C6163654F6E457665BB
:108AF0006E744C69737452657374726963746564DF
:108B000000785461736B52656D6F766546726F6D58
:108B10004576656E744C697374007578496E64654A
:108B200078546F4E6F74696679203C202831290093
:108B300070785461736B42756666657220213D20C2
:108B40002828766F69642A29302900707276496E68
:108B5000697469616C6973654E65775461736B0004
:108B600069776474206F6E00785175657565476527
:108B70006E657269634765745374617469634275A5
:108B8000666665727300212820282070764275661B
:108B9000666572203D3D202828766F69642A293059
:108BA0002920292026262028207078517565756592
:108BB0002D3E75784974656D53697A6520213D2095
:108BC00028205542617365547970655F74202920AF
:108BD000305520292029007853747265616D4275E3
:108BE000666665724765745374617469634275663D
:108BF000666572730075784E6F7469666963617437
:108C0000696F6E496E646578203C202831290070B8
:108C1000785469636B73546F576169740078526557
:108C20007475726E002828285343425F547970652A
:108C3000202A2920282830784530303045303030FF
:108C4000554C29202B20307830443030554C292089
:108C5000292D3E494353522026202830783146465C
:108C6000554C202929203D3D203000784576656E01
:108C70007447726F75704372656174655374617483
:108C80006963007853697A65203D3D2073697A6590
:108C90006F6628204576656E7447726F75705F74D5
:108CA0002029007853697A65203D3D2073697A65F3
:108CB0006F66282051756575655F742029007851AD
:108CC0007565756553656D6170686F726554616B2C
:108CD000650070756353747265616D427566666593
:108CE0007253746F72616765417265610076546199
:108CF000736B53657454696D654F75745374617407
:108D00006500785461736B47656E657269634E6F79
:108D10007469667957616974002E2E2F72612F6114
:108D200077732F4672656552544F532F46726565AF
:108D300052544F532F536F757263652F6576656E6E
:108D4000745F67726F7570732E6300764576656E1B
:108D50007447726F757044656C6574650078517501
:108D600065756547656E65726963437265617465B3
:108D7000537461746963007653747265616D4275F2
:108D80006666657244656C657465007854696D65E6
:108D90007247657445787069727954696D650076BB
:108DA000506F727453564348616E646C65725F43D2
:108DB0000075785363686564756C6572537573707C
:108DC000656E646564203D3D2031550078546173C3
:108DD0006B546F526573756D650070707854617374
:108DE0006B42756666657220213D202828766F6982
:108DF000642A2930290070784576656E744C697351
:108E00007400765461736B47656E657269634E6F6B
:108E1000746966794769766546726F6D4953520089
:108E20007853697A65203D3D2073697A656F6628BD
:108E30002054696D65725F74202900707854696DE3
:108E400065724275666665720075785175657565FF
:108E50004D6573736167657357616974696E6746C1
:108E6000726F6D495352007853747265616D42752B
:108E700066666572526573657400785265747572C2
:108E80006E20213D2028202D312029007854696D45
:108E900065724372656174655374617469630070CF
:108EA0007276496E697469616C6973654E65775451
:108EB000696D6572005241385031004E657720541B
:108EC000687265616400784576656E7447726F7587
:108ED0007000785175657565437265617465436F9F
:108EE000756E74696E6753656D6170686F726553F6
:108EF0007461746963007851756575655265636561
:108F000069766500707652784461746100757853B3
:108F1000747265616D4275666665724765745374F7
:108F20007265616D4275666665724E6F74696669D9
:108F3000636174696F6E496E646578007078507211
:108F40006576696F757357616B6554696D650078F7
:108F50005461736B496E6372656D656E74546963B9
:108F60006B00785461736B546F4E6F74696679004F
:108F70007854696D657247656E65726963436F6D9C
:108F80006D616E6446726F6D495352002E2E2F72C2
:108F9000612F6177732F4672656552544F532F4688
:108FA00072656552544F532F536F757263652F71FD
:108FB000756575652E6300757851756575654D65C8
:108FC00073736167657357616974696E6700707068
:108FD000756353747265616D42756666657253742C
:108FE0006F7261676541726561007852657175697C
:108FF0007265645370616365203E207844617461DA
:109000004C656E6774684279746573007842797450
:109010006573417661696C61626C65203D3D20300D
:1090200000707854434220213D202828766F6964DF
:109030002A29302900707654696D65724765745429
:10904000696D6572494400784576656E7447726F44
:10905000757057616974426974730028206354788D
:109060004C6F636B202920213D2028202820696E29
:1090700074385F7420292031323720290028207865
:109080005461696C202B207846697273744C656E4C
:109090006774682029203C3D2070785374726561A4
:1090A0006D4275666665722D3E784C656E677468B4
:1090B000007072764372656174655374617469639C
:1090C0005461736B007851756575655065656B46C5
:1090D000726F6D495352007578517565756553709F
:1090E00061636573417661696C61626C6500785398
:1090F000697A65203D3D2073697A656F6628205343
:10910000747265616D4275666665725F74202900D0
:109110007853747265616D427566666572537061ED
:10912000636573417661696C61626C65002E2E2FF8
:1091300072612F6177732F4672656552544F532FBA
:109140004672656552544F532F536F757263652F86
:109150007461736B732E6300765461736B44656C3A
:1091600065746500707854434200785469636B43BA
:109170006F756E74203D3D2028205469636B5479CF
:1091800070655F742029203000455749440070788D
:109190004576656E7447726F757042756666657266
:1091A0000070784E65775175657565002128202817
:1091B00020282070764275666665722029203D3D24
:1091C000202828766F69642A29302920292026261C
:1091D00020282028207078517565756520292D3E3E
:1091E00075784974656D53697A6520213D20282082
:1091F0005542617365547970655F7420292030553C
:10920000202920290076517565756544656C657463
:109210006500765175657565556E7265676973741D
:10922000657251756575650078427566666572533D
:10923000697A654279746573203E20282073697AC3
:10924000656F66282073697A655F7420292029007C
:1092500075784E65775072696F72697479203C2019
:1092600028352900785461736B436865636B466FDA
:109270007254696D654F7574007654696D657253EB
:10928000657452656C6F61644D6F6465006C696EE6
:109290006B2075700076506F727456616C696461F2
:1092A0007465496E746572727570745072696F720C
:1092B0006974790070784576656E744269747300DC
:1092C0007070785374617469635175657565007861
:1092D00042756666657253697A6542797465732072
:1092E0003E203000765461736B526573756D650076
:1092F00070707578537461636B4275666665722031
:10930000213D202828766F69642A29302900707849
:10931000517565756500707851756575652D3E757B
:10932000784974656D53697A6520213D2030007657
:109330005461736B44656C61790049444C45007815
:1093400052657475726E20213D2028202820282027
:1093500042617365547970655F742029203020293B
:10936000202900707853747265616D427566666578
:10937000722D3E785461736B57616974696E6754DE
:109380006F52656365697665203D3D202828766FBC
:1093900069642A293029007853747265616D4275B9
:1093A00066666572497346756C6C007072765265BC
:1093B0006164427974657346726F6D427566666565
:1093C0007200765461736B506C6163654F6E4576C5
:1093D000656E744C69737400785461736B47656E85
:1093E000657269634E6F7469667946726F6D495331
:1093F00052007854696D6572476574506572696F83
:10940000640063616E2062757379007851756575CB
:1094100065007853747265616D4275666665724267
:1094200079746573417661696C61626C650076542C
:1094300061736B53746172745363686564756C65B2
:10944000720075785363686564756C6572537573E3
:1094500070656E64656420213D2030550078457646
:10946000656E7447726F7570476574537461746983
:1094700063427566666572007851756575655265FB
:10948000636569766546726F6D4953520070635427
:10949000696D65724765744E616D6500756E6B6EC2
:1094A0006F776E20636F6D6D616E640021282028D8
:1094B00020707851756575652D3E706348656164EF
:1094C000203D3D202828766F69642A2930292029EB
:1094D000202626202820707851756575652D3E75EB
:1094E0002E7853656D6170686F72652E784D757456
:1094F0006578486F6C64657220213D202828766F5E
:1095000069642A2930292029202900706351756552
:1095100075654765744E616D65007854726967675B
:1095200065724C6576656C4279746573203C3D20AC
:109530007842756666657253697A654279746573B7
:10954000007853747265616D427566666572526526
:109550006365697665436F6D706C657465644672AA
:109560006F6D49535200785461736B44656C617937
:10957000556E74696C0070727650726F63657373A8
:109580005265636569766564436F6D6D616E647382
:1095900000756C43757272656E745072696F726992
:1095A0007479203E3D2028282828312929203C3C58
:1095B000202838202D2034292929203E3E202838F3
:1095C000202D20342900784576656E7447726F75BA
:1095D00070436C656172426974730078517565758A
:1095E0006547656E6572696352657365740078518D
:1095F000756575655065656B00765461736B537561
:109600007370656E6400546D7220537663006261FE
:10961000642070726F746F6275660076506F72743A
:1096200045786974437269746963616C007078513C
:10963000756575652D3E75784974656D53697A65F4
:10964000203D3D203000282078436F756E74202D1A
:10965000207846697273744C656E6774682029209F
:109660003C3D20707853747265616D427566666525
:10967000722D3E784C656E67746800706354617338
:109680006B4765744E616D650075785363686564FA
:10969000756C657253757370656E64656420213DE9
:1096A0002028205542617365547970655F742029C4
:1096B0002030550028202820262820707854434246
:1096C0002D3E784576656E744C6973744974656D8A
:1096D000202920292D3E7078436F6E7461696E6574
:1096E000722029203D3D202828766F69642A293080
:1096F00029007854696D65724372656174655469B7
:109700006D65725461736B0063616E2066642075D1
:109710006E737570706F72746564007853747265DF
:10972000616D427566666572203D3D202820537448
:109730007265616D42756666657248616E646C65DE
:109740005F742029207E30007653747265616D420B
:10975000756666657253657453747265616D4275A2
:10976000666665724E6F74696669636174696F6E6F
:10977000496E64657800785461736B526573756DDA
:109780006546726F6D495352007578546F70507210
:10979000696F7269747900765461736B53657454A0
:1097A00068726561644C6F63616C53746F7261675A
:1097B00065506F696E74657200785461736B4765AC
:1097C0006E657269634E6F74696679007070785463
:1097D000696D657242756666657220213D20282894
:1097E000766F69642A2930290028207578426974C7
:1097F00073546F436C6561722026202820282075E1
:10980000696E7433325F7420292030786666303098
:10981000303030305520292029203D3D2030002196
:109820002820282070764974656D546F51756575D0
:1098300065203D3D202828766F69642A293029203B
:1098400029202626202820707851756575652D3EC3
:1098500075784974656D53697A6520213D2028200B
:109860005542617365547970655F742029203055C5
:1098700020292029007851756575654973517565F2
:10988000756546756C6C46726F6D49535200756C08
:109890005461736B47656E657269634E6F74696678
:1098A0007954616B65007853697A65203D3D20737A
:1098B000697A656F6628205443425F742029002826
:1098C00020707854696D65722D3E7854696D6572AB
:1098D000506572696F64496E5469636B73203E20F2
:1098E00030202900626164206461630070765478DE
:1098F00044617461007854696D657247657452659E
:109900006C6F61644D6F646500D4080009000C0041
:109910000A0403030006070A0904D4D45241207440
:109920003D30303030206164633D303030302F3096
:1099300030303020696E3D30300D0A0000883540EF
:1099400000873540008235403009002278990002B6
:1099500084990002000000000000010008020000DD
:109960000000010009020000000001000A020000DE
:10997000000001000B0200000400000058990002E2
:10998000000000001D290002332900023D290002C9
:1099900049290002FD290002272A0002772A000235
:1099A000992A0002CB2A0002FB2A0002152B000292
:1099B000372B00024F2B0002020403040404D4D40A
:1099C00000000068000000680000008000000080C7
:1099D000200000222000002209000000F09900026F
:1099E000150000005C9A000203000000C09900020C
:1099F00000000068000000680001000D0000006821
:109A0000000000680001000D0000008000000080E0
:109A10000001000800000080000000800001000834
:109A20000000000000000000010000050000002010
:109A3000000000200100000420000022200000227D
:109A4000000000034C0400228011002200000003EB
:109A50008011002284110022000000030000006831
:109A600000000068000000900001090D000000687F
:109A7000000000680000000800010E0D00000068F2
:109A800000000068000000270001020D00000068CF
:109A900000000068400000020001010D000000808D
:109AA0000000008000000090000109080000008014
:109AB000000000800000000800010E080000008087
:109AC0000000008000000027000102080000008064
:109AD00000000080400000020001010800000000BA
:109AE00000000000000000900101090500000000D6
:109AF000000000000000000801000E05000000004A
:109B00000000000000000027010002050000000026
:109B100000000000400000020100010500000020DC
:109B20000000002000000090010109040000002056
:109B3000000000200000000801000E0400000020CA
:109B400000000020000000270100020400000020A7
:109B5000000000204000000201000104000000227B
:109B60000000002200000090000109030000002214
:109B7000000000220000000800000E030000002288
:109B80000000002200000027000002030000002265
:109B900005000022400000020000010380110022A5
:109BA00080110022450000020000010306000000B1
:109BB0000800000003000000050000000A0000008B
:109BC0000000010002000800100020000400000056
:109BD00000000606362E362E30004275696C742061
:109BE000776974682052656E65736173204164768D
:109BF000616E63656420466C657869626C652053AC
:109C00006F667477617265205061636B6167652070
:0E9C100076657273696F6E20362E362E300028
:049C20000800000038
:0200000402C92F
:04F04000FFFFFFFFD0
:04F04400EFFFFFFFDC
:04F0C000FFFFFFFD52
:04F0C400FFFFFFFF4C
:04F1200000000000EB
:04F1240000000000E7
:04000005020039C1FB
:00000001FF
